missing_rate,method,fallback_policy,chunk_index,day_index,file_name,output_path,missing_count,fallback_count,non_mask_positions_preserved,validation_passed,status,source,write_duration_seconds,file_size_bytes,output_mtime_utc
0.05,correlation_topology_neighbor_fill,same-time positive-correlation topology neighbors -> mean_fill,0,0,node_flow_chunk_000.parquet,E:\Jupter_Notebook\FedTrafficFlow\results\rdm_exp\scenarios\ntb_mix\imp\imp_data\ntb_r05_mix_s42_m_ctn\node_flow_chunk_000.parquet,187774,187774,True,True,completed,recomputed,0.9245601999999984,57721255,2026-06-18T07:25:50.825485706+00:00
0.05,correlation_topology_neighbor_fill,same-time positive-correlation topology neighbors -> mean_fill,1,1,node_flow_chunk_001.parquet,E:\Jupter_Notebook\FedTrafficFlow\results\rdm_exp\scenarios\ntb_mix\imp\imp_data\ntb_r05_mix_s42_m_ctn\node_flow_chunk_001.parquet,199679,2015,True,True,completed,recomputed,0.9785151999999968,57775673,2026-06-18T07:33:03.455887794+00:00
0.05,correlation_topology_neighbor_fill,same-time positive-correlation topology neighbors -> mean_fill,2,2,node_flow_chunk_002.parquet,E:\Jupter_Notebook\FedTrafficFlow\results\rdm_exp\scenarios\ntb_mix\imp\imp_data\ntb_r05_mix_s42_m_ctn\node_flow_chunk_002.parquet,203212,1807,True,True,completed,recomputed,1.0597071999999983,57668192,2026-06-18T07:39:55.488189459+00:00
0.05,correlation_topology_neighbor_fill,same-time positive-correlation topology neighbors -> mean_fill,3,3,node_flow_chunk_003.parquet,E:\Jupter_Notebook\FedTrafficFlow\results\rdm_exp\scenarios\ntb_mix\imp\imp_data\ntb_r05_mix_s42_m_ctn\node_flow_chunk_003.parquet,200778,1957,True,True,completed,recomputed,1.059496799999998,57648129,2026-06-18T07:40:23.181610823+00:00
0.05,correlation_topology_neighbor_fill,same-time positive-correlation topology neighbors -> mean_fill,4,4,node_flow_chunk_004.parquet,E:\Jupter_Notebook\FedTrafficFlow\results\rdm_exp\scenarios\ntb_mix\imp\imp_data\ntb_r05_mix_s42_m_ctn\node_flow_chunk_004.parquet,200099,1644,True,True,completed,recomputed,1.1839668000000074,57668433,2026-06-18T07:40:52.004292011+00:00
0.05,correlation_topology_neighbor_fill,same-time positive-correlation topology neighbors -> mean_fill,5,5,node_flow_chunk_005.parquet,E:\Jupter_Notebook\FedTrafficFlow\results\rdm_exp\scenarios\ntb_mix\imp\imp_data\ntb_r05_mix_s42_m_ctn\node_flow_chunk_005.parquet,201671,1889,True,True,completed,recomputed,1.0250944999999945,57730725,2026-06-18T07:41:19.924516678+00:00
0.05,correlation_topology_neighbor_fill,same-time positive-correlation topology neighbors -> mean_fill,6,6,node_flow_chunk_006.parquet,E:\Jupter_Notebook\FedTrafficFlow\results\rdm_exp\scenarios\ntb_mix\imp\imp_data\ntb_r05_mix_s42_m_ctn\node_flow_chunk_006.parquet,203530,2001,True,True,completed,recomputed,1.000565100000017,57760748,2026-06-18T07:41:46.815945387+00:00
0.05,correlation_topology_neighbor_fill,same-time positive-correlation topology neighbors -> mean_fill,7,7,node_flow_chunk_007.parquet,E:\Jupter_Notebook\FedTrafficFlow\results\rdm_exp\scenarios\ntb_mix\imp\imp_data\ntb_r05_mix_s42_m_ctn\node_flow_chunk_007.parquet,202976,2031,True,True,completed,recomputed,0.9431485000000066,57780248,2026-06-18T07:42:13.931991816+00:00
0.05,correlation_topology_neighbor_fill,same-time positive-correlation topology neighbors -> mean_fill,8,8,node_flow_chunk_008.parquet,E:\Jupter_Notebook\FedTrafficFlow\results\rdm_exp\scenarios\ntb_mix\imp\imp_data\ntb_r05_mix_s42_m_ctn\node_flow_chunk_008.parquet,202091,2146,True,True,completed,recomputed,2.263286699999981,57663542,2026-06-18T07:42:44.067052603+00:00
0.05,correlation_topology_neighbor_fill,same-time positive-correlation topology neighbors -> mean_fill,9,9,node_flow_chunk_009.parquet,E:\Jupter_Notebook\FedTrafficFlow\results\rdm_exp\scenarios\ntb_mix\imp\imp_data\ntb_r05_mix_s42_m_ctn\node_flow_chunk_009.parquet,202548,1973,True,True,completed,recomputed,0.8300547999999992,57679366,2026-06-18T07:43:13.420568466+00:00
0.05,correlation_topology_neighbor_fill,same-time positive-correlation topology neighbors -> mean_fill,10,10,node_flow_chunk_010.parquet,E:\Jupter_Notebook\FedTrafficFlow\results\rdm_exp\scenarios\ntb_mix\imp\imp_data\ntb_r05_mix_s42_m_ctn\node_flow_chunk_010.parquet,202755,2021,True,True,completed,recomputed,1.1536636999999814,57726107,2026-06-18T07:43:40.516319989+00:00
0.05,correlation_topology_neighbor_fill,same-time positive-correlation topology neighbors -> mean_fill,11,11,node_flow_chunk_011.parquet,E:\Jupter_Notebook\FedTrafficFlow\results\rdm_exp\scenarios\ntb_mix\imp\imp_data\ntb_r05_mix_s42_m_ctn\node_flow_chunk_011.parquet,203328,1669,True,True,completed,recomputed,0.9839536000000066,57680183,2026-06-18T07:44:06.596724987+00:00
0.05,correlation_topology_neighbor_fill,same-time positive-correlation topology neighbors -> mean_fill,12,12,node_flow_chunk_012.parquet,E:\Jupter_Notebook\FedTrafficFlow\results\rdm_exp\scenarios\ntb_mix\imp\imp_data\ntb_r05_mix_s42_m_ctn\node_flow_chunk_012.parquet,202853,1809,True,True,completed,recomputed,0.9451652000000196,57683527,2026-06-18T07:44:37.143755913+00:00
0.05,correlation_topology_neighbor_fill,same-time positive-correlation topology neighbors -> mean_fill,13,13,node_flow_chunk_013.parquet,E:\Jupter_Notebook\FedTrafficFlow\results\rdm_exp\scenarios\ntb_mix\imp\imp_data\ntb_r05_mix_s42_m_ctn\node_flow_chunk_013.parquet,203428,1896,True,True,completed,recomputed,0.7955149000000006,57727685,2026-06-18T07:45:03.045224428+00:00
0.05,correlation_topology_neighbor_fill,same-time positive-correlation topology neighbors -> mean_fill,14,14,node_flow_chunk_014.parquet,E:\Jupter_Notebook\FedTrafficFlow\results\rdm_exp\scenarios\ntb_mix\imp\imp_data\ntb_r05_mix_s42_m_ctn\node_flow_chunk_014.parquet,200359,1874,True,True,completed,recomputed,0.811247499999979,57740066,2026-06-18T07:45:27.757195950+00:00
0.05,correlation_topology_neighbor_fill,same-time positive-correlation topology neighbors -> mean_fill,15,15,node_flow_chunk_015.parquet,E:\Jupter_Notebook\FedTrafficFlow\results\rdm_exp\scenarios\ntb_mix\imp\imp_data\ntb_r05_mix_s42_m_ctn\node_flow_chunk_015.parquet,199762,1810,True,True,completed,recomputed,0.806877400000019,57667298,2026-06-18T07:45:53.710138083+00:00
0.05,correlation_topology_neighbor_fill,same-time positive-correlation topology neighbors -> mean_fill,16,16,node_flow_chunk_016.parquet,E:\Jupter_Notebook\FedTrafficFlow\results\rdm_exp\scenarios\ntb_mix\imp\imp_data\ntb_r05_mix_s42_m_ctn\node_flow_chunk_016.parquet,204014,1943,True,True,completed,recomputed,0.8084870999999794,57718704,2026-06-18T07:46:18.974328995+00:00
0.05,correlation_topology_neighbor_fill,same-time positive-correlation topology neighbors -> mean_fill,17,17,node_flow_chunk_017.parquet,E:\Jupter_Notebook\FedTrafficFlow\results\rdm_exp\scenarios\ntb_mix\imp\imp_data\ntb_r05_mix_s42_m_ctn\node_flow_chunk_017.parquet,201479,1755,True,True,completed,recomputed,0.7738865000000033,57846623,2026-06-18T07:46:43.693465710+00:00
0.05,correlation_topology_neighbor_fill,same-time positive-correlation topology neighbors -> mean_fill,18,18,node_flow_chunk_018.parquet,E:\Jupter_Notebook\FedTrafficFlow\results\rdm_exp\scenarios\ntb_mix\imp\imp_data\ntb_r05_mix_s42_m_ctn\node_flow_chunk_018.parquet,202102,1867,True,True,completed,recomputed,0.7844441000000302,57844225,2026-06-18T07:47:07.811782360+00:00
0.05,correlation_topology_neighbor_fill,same-time positive-correlation topology neighbors -> mean_fill,19,19,node_flow_chunk_019.parquet,E:\Jupter_Notebook\FedTrafficFlow\results\rdm_exp\scenarios\ntb_mix\imp\imp_data\ntb_r05_mix_s42_m_ctn\node_flow_chunk_019.parquet,206465,1983,True,True,completed,recomputed,0.8718370000000277,57848699,2026-06-18T07:47:32.364509583+00:00
0.05,correlation_topology_neighbor_fill,same-time positive-correlation topology neighbors -> mean_fill,20,20,node_flow_chunk_020.parquet,E:\Jupter_Notebook\FedTrafficFlow\results\rdm_exp\scenarios\ntb_mix\imp\imp_data\ntb_r05_mix_s42_m_ctn\node_flow_chunk_020.parquet,201253,1952,True,True,completed,recomputed,0.8009816000000001,57878197,2026-06-18T07:47:57.512550116+00:00
0.05,correlation_topology_neighbor_fill,same-time positive-correlation topology neighbors -> mean_fill,21,21,node_flow_chunk_021.parquet,E:\Jupter_Notebook\FedTrafficFlow\results\rdm_exp\scenarios\ntb_mix\imp\imp_data\ntb_r05_mix_s42_m_ctn\node_flow_chunk_021.parquet,203336,2017,True,True,completed,recomputed,0.8551843999999846,57882162,2026-06-18T07:48:22.190498590+00:00
0.05,correlation_topology_neighbor_fill,same-time positive-correlation topology neighbors -> mean_fill,22,22,node_flow_chunk_022.parquet,E:\Jupter_Notebook\FedTrafficFlow\results\rdm_exp\scenarios\ntb_mix\imp\imp_data\ntb_r05_mix_s42_m_ctn\node_flow_chunk_022.parquet,201979,1802,True,True,completed,recomputed,0.9789800999999444,57842940,2026-06-18T07:48:53.006680250+00:00
0.05,correlation_topology_neighbor_fill,same-time positive-correlation topology neighbors -> mean_fill,23,23,node_flow_chunk_023.parquet,E:\Jupter_Notebook\FedTrafficFlow\results\rdm_exp\scenarios\ntb_mix\imp\imp_data\ntb_r05_mix_s42_m_ctn\node_flow_chunk_023.parquet,201154,1566,True,True,completed,recomputed,0.8027935999999727,57827690,2026-06-18T07:49:19.325888395+00:00
0.05,correlation_topology_neighbor_fill,same-time positive-correlation topology neighbors -> mean_fill,24,24,node_flow_chunk_024.parquet,E:\Jupter_Notebook\FedTrafficFlow\results\rdm_exp\scenarios\ntb_mix\imp\imp_data\ntb_r05_mix_s42_m_ctn\node_flow_chunk_024.parquet,203223,1814,True,True,completed,recomputed,0.8001381999999921,57858823,2026-06-18T07:49:43.262076615+00:00
0.05,correlation_topology_neighbor_fill,same-time positive-correlation topology neighbors -> mean_fill,25,25,node_flow_chunk_025.parquet,E:\Jupter_Notebook\FedTrafficFlow\results\rdm_exp\scenarios\ntb_mix\imp\imp_data\ntb_r05_mix_s42_m_ctn\node_flow_chunk_025.parquet,199416,1683,True,True,completed,recomputed,0.8299168000000918,57838906,2026-06-18T07:50:06.437556028+00:00
0.05,correlation_topology_neighbor_fill,same-time positive-correlation topology neighbors -> mean_fill,26,26,node_flow_chunk_026.parquet,E:\Jupter_Notebook\FedTrafficFlow\results\rdm_exp\scenarios\ntb_mix\imp\imp_data\ntb_r05_mix_s42_m_ctn\node_flow_chunk_026.parquet,202227,1586,True,True,completed,recomputed,0.8243430999999646,57854469,2026-06-18T07:50:30.913554907+00:00
0.05,correlation_topology_neighbor_fill,same-time positive-correlation topology neighbors -> mean_fill,27,27,node_flow_chunk_027.parquet,E:\Jupter_Notebook\FedTrafficFlow\results\rdm_exp\scenarios\ntb_mix\imp\imp_data\ntb_r05_mix_s42_m_ctn\node_flow_chunk_027.parquet,200642,1910,True,True,completed,recomputed,0.7895717999999761,57857499,2026-06-18T07:50:53.932243586+00:00
0.05,correlation_topology_neighbor_fill,same-time positive-correlation topology neighbors -> mean_fill,28,28,node_flow_chunk_028.parquet,E:\Jupter_Notebook\FedTrafficFlow\results\rdm_exp\scenarios\ntb_mix\imp\imp_data\ntb_r05_mix_s42_m_ctn\node_flow_chunk_028.parquet,202139,1850,True,True,completed,recomputed,0.7459929000000329,57838508,2026-06-18T07:51:16.867542267+00:00
0.05,correlation_topology_neighbor_fill,same-time positive-correlation topology neighbors -> mean_fill,29,29,node_flow_chunk_029.parquet,E:\Jupter_Notebook\FedTrafficFlow\results\rdm_exp\scenarios\ntb_mix\imp\imp_data\ntb_r05_mix_s42_m_ctn\node_flow_chunk_029.parquet,201555,1708,True,True,completed,recomputed,0.7665355999999974,57790318,2026-06-18T07:51:39.440792084+00:00
0.05,correlation_topology_neighbor_fill,same-time positive-correlation topology neighbors -> mean_fill,30,30,node_flow_chunk_030.parquet,E:\Jupter_Notebook\FedTrafficFlow\results\rdm_exp\scenarios\ntb_mix\imp\imp_data\ntb_r05_mix_s42_m_ctn\node_flow_chunk_030.parquet,200102,1721,True,True,completed,recomputed,0.792002000000025,57764278,2026-06-18T07:52:02.099659443+00:00
0.05,correlation_topology_neighbor_fill,same-time positive-correlation topology neighbors -> mean_fill,31,31,node_flow_chunk_031.parquet,E:\Jupter_Notebook\FedTrafficFlow\results\rdm_exp\scenarios\ntb_mix\imp\imp_data\ntb_r05_mix_s42_m_ctn\node_flow_chunk_031.parquet,201088,1659,True,True,completed,recomputed,1.3234588999999914,57780310,2026-06-18T07:52:26.297384501+00:00
0.05,correlation_topology_neighbor_fill,same-time positive-correlation topology neighbors -> mean_fill,32,32,node_flow_chunk_032.parquet,E:\Jupter_Notebook\FedTrafficFlow\results\rdm_exp\scenarios\ntb_mix\imp\imp_data\ntb_r05_mix_s42_m_ctn\node_flow_chunk_032.parquet,201968,1868,True,True,completed,recomputed,0.7267340000000786,57800894,2026-06-18T07:52:49.211651564+00:00
0.05,correlation_topology_neighbor_fill,same-time positive-correlation topology neighbors -> mean_fill,33,33,node_flow_chunk_033.parquet,E:\Jupter_Notebook\FedTrafficFlow\results\rdm_exp\scenarios\ntb_mix\imp\imp_data\ntb_r05_mix_s42_m_ctn\node_flow_chunk_033.parquet,204783,1908,True,True,completed,recomputed,0.710261800000012,57826248,2026-06-18T07:53:11.632657528+00:00
0.05,correlation_topology_neighbor_fill,same-time positive-correlation topology neighbors -> mean_fill,34,34,node_flow_chunk_034.parquet,E:\Jupter_Notebook\FedTrafficFlow\results\rdm_exp\scenarios\ntb_mix\imp\imp_data\ntb_r05_mix_s42_m_ctn\node_flow_chunk_034.parquet,200212,1726,True,True,completed,recomputed,0.757802300000094,57848268,2026-06-18T07:53:33.967655897+00:00
0.05,correlation_topology_neighbor_fill,same-time positive-correlation topology neighbors -> mean_fill,35,35,node_flow_chunk_035.parquet,E:\Jupter_Notebook\FedTrafficFlow\results\rdm_exp\scenarios\ntb_mix\imp\imp_data\ntb_r05_mix_s42_m_ctn\node_flow_chunk_035.parquet,200836,1683,True,True,completed,recomputed,0.7227694000000611,57863216,2026-06-18T07:53:55.887433529+00:00
0.05,correlation_topology_neighbor_fill,same-time positive-correlation topology neighbors -> mean_fill,36,36,node_flow_chunk_036.parquet,E:\Jupter_Notebook\FedTrafficFlow\results\rdm_exp\scenarios\ntb_mix\imp\imp_data\ntb_r05_mix_s42_m_ctn\node_flow_chunk_036.parquet,202861,1740,True,True,completed,recomputed,0.7458740000000716,57837880,2026-06-18T07:54:18.234638929+00:00
0.05,correlation_topology_neighbor_fill,same-time positive-correlation topology neighbors -> mean_fill,37,37,node_flow_chunk_037.parquet,E:\Jupter_Notebook\FedTrafficFlow\results\rdm_exp\scenarios\ntb_mix\imp\imp_data\ntb_r05_mix_s42_m_ctn\node_flow_chunk_037.parquet,201416,1754,True,True,completed,recomputed,0.8742905000000292,58297242,2026-06-18T07:54:40.622333527+00:00
0.05,correlation_topology_neighbor_fill,same-time positive-correlation topology neighbors -> mean_fill,38,38,node_flow_chunk_038.parquet,E:\Jupter_Notebook\FedTrafficFlow\results\rdm_exp\scenarios\ntb_mix\imp\imp_data\ntb_r05_mix_s42_m_ctn\node_flow_chunk_038.parquet,202081,1852,True,True,completed,recomputed,0.7281820000000607,57850894,2026-06-18T07:55:03.015655279+00:00
0.05,correlation_topology_neighbor_fill,same-time positive-correlation topology neighbors -> mean_fill,39,39,node_flow_chunk_039.parquet,E:\Jupter_Notebook\FedTrafficFlow\results\rdm_exp\scenarios\ntb_mix\imp\imp_data\ntb_r05_mix_s42_m_ctn\node_flow_chunk_039.parquet,202772,1565,True,True,completed,recomputed,0.7298825999999963,57857390,2026-06-18T07:55:25.094870329+00:00
0.05,correlation_topology_neighbor_fill,same-time positive-correlation topology neighbors -> mean_fill,40,40,node_flow_chunk_040.parquet,E:\Jupter_Notebook\FedTrafficFlow\results\rdm_exp\scenarios\ntb_mix\imp\imp_data\ntb_r05_mix_s42_m_ctn\node_flow_chunk_040.parquet,202553,1792,True,True,completed,recomputed,0.7169125000000349,57850503,2026-06-18T07:55:47.801947117+00:00
0.05,correlation_topology_neighbor_fill,same-time positive-correlation topology neighbors -> mean_fill,41,41,node_flow_chunk_041.parquet,E:\Jupter_Notebook\FedTrafficFlow\results\rdm_exp\scenarios\ntb_mix\imp\imp_data\ntb_r05_mix_s42_m_ctn\node_flow_chunk_041.parquet,203006,1870,True,True,completed,recomputed,0.7068051999999625,57855692,2026-06-18T07:56:11.077250004+00:00
0.05,correlation_topology_neighbor_fill,same-time positive-correlation topology neighbors -> mean_fill,42,42,node_flow_chunk_042.parquet,E:\Jupter_Notebook\FedTrafficFlow\results\rdm_exp\scenarios\ntb_mix\imp\imp_data\ntb_r05_mix_s42_m_ctn\node_flow_chunk_042.parquet,202647,1655,True,True,completed,recomputed,0.6999528999999711,57854661,2026-06-18T07:56:34.471443176+00:00
0.05,correlation_topology_neighbor_fill,same-time positive-correlation topology neighbors -> mean_fill,43,43,node_flow_chunk_043.parquet,E:\Jupter_Notebook\FedTrafficFlow\results\rdm_exp\scenarios\ntb_mix\imp\imp_data\ntb_r05_mix_s42_m_ctn\node_flow_chunk_043.parquet,202382,1999,True,True,completed,recomputed,0.6914910000000418,57794517,2026-06-18T07:56:58.651761055+00:00
0.05,correlation_topology_neighbor_fill,same-time positive-correlation topology neighbors -> mean_fill,44,44,node_flow_chunk_044.parquet,E:\Jupter_Notebook\FedTrafficFlow\results\rdm_exp\scenarios\ntb_mix\imp\imp_data\ntb_r05_mix_s42_m_ctn\node_flow_chunk_044.parquet,202784,1821,True,True,completed,recomputed,0.8655243999999129,57798542,2026-06-18T07:57:22.592867374+00:00
0.05,correlation_topology_neighbor_fill,same-time positive-correlation topology neighbors -> mean_fill,45,45,node_flow_chunk_045.parquet,E:\Jupter_Notebook\FedTrafficFlow\results\rdm_exp\scenarios\ntb_mix\imp\imp_data\ntb_r05_mix_s42_m_ctn\node_flow_chunk_045.parquet,202668,1717,True,True,completed,recomputed,0.7209155000000464,57815813,2026-06-18T07:57:46.820928097+00:00
0.05,correlation_topology_neighbor_fill,same-time positive-correlation topology neighbors -> mean_fill,46,46,node_flow_chunk_046.parquet,E:\Jupter_Notebook\FedTrafficFlow\results\rdm_exp\scenarios\ntb_mix\imp\imp_data\ntb_r05_mix_s42_m_ctn\node_flow_chunk_046.parquet,199057,1706,True,True,completed,recomputed,0.7283972000000176,57842757,2026-06-18T07:58:10.649485826+00:00
0.05,correlation_topology_neighbor_fill,same-time positive-correlation topology neighbors -> mean_fill,47,47,node_flow_chunk_047.parquet,E:\Jupter_Notebook\FedTrafficFlow\results\rdm_exp\scenarios\ntb_mix\imp\imp_data\ntb_r05_mix_s42_m_ctn\node_flow_chunk_047.parquet,199504,1852,True,True,completed,recomputed,0.7556887999999162,57872424,2026-06-18T07:58:34.893474817+00:00
0.05,correlation_topology_neighbor_fill,same-time positive-correlation topology neighbors -> mean_fill,48,48,node_flow_chunk_048.parquet,E:\Jupter_Notebook\FedTrafficFlow\results\rdm_exp\scenarios\ntb_mix\imp\imp_data\ntb_r05_mix_s42_m_ctn\node_flow_chunk_048.parquet,205131,1944,True,True,completed,recomputed,0.7321746999998595,57893289,2026-06-18T07:58:58.725597858+00:00
0.05,correlation_topology_neighbor_fill,same-time positive-correlation topology neighbors -> mean_fill,49,49,node_flow_chunk_049.parquet,E:\Jupter_Notebook\FedTrafficFlow\results\rdm_exp\scenarios\ntb_mix\imp\imp_data\ntb_r05_mix_s42_m_ctn\node_flow_chunk_049.parquet,204914,1860,True,True,completed,recomputed,0.7020552999999836,57899790,2026-06-18T07:59:22.579907179+00:00
0.05,correlation_topology_neighbor_fill,same-time positive-correlation topology neighbors -> mean_fill,50,50,node_flow_chunk_050.parquet,E:\Jupter_Notebook\FedTrafficFlow\results\rdm_exp\scenarios\ntb_mix\imp\imp_data\ntb_r05_mix_s42_m_ctn\node_flow_chunk_050.parquet,202640,1529,True,True,completed,recomputed,0.7260489000000234,57868500,2026-06-18T07:59:46.745437384+00:00
0.05,correlation_topology_neighbor_fill,same-time positive-correlation topology neighbors -> mean_fill,51,51,node_flow_chunk_051.parquet,E:\Jupter_Notebook\FedTrafficFlow\results\rdm_exp\scenarios\ntb_mix\imp\imp_data\ntb_r05_mix_s42_m_ctn\node_flow_chunk_051.parquet,205136,1693,True,True,completed,recomputed,0.7417860999998993,57845511,2026-06-18T08:00:10.335483313+00:00
0.05,correlation_topology_neighbor_fill,same-time positive-correlation topology neighbors -> mean_fill,52,52,node_flow_chunk_052.parquet,E:\Jupter_Notebook\FedTrafficFlow\results\rdm_exp\scenarios\ntb_mix\imp\imp_data\ntb_r05_mix_s42_m_ctn\node_flow_chunk_052.parquet,199728,1600,True,True,completed,recomputed,0.7445110999999542,57840489,2026-06-18T08:00:33.723208904+00:00
0.05,correlation_topology_neighbor_fill,same-time positive-correlation topology neighbors -> mean_fill,53,53,node_flow_chunk_053.parquet,E:\Jupter_Notebook\FedTrafficFlow\results\rdm_exp\scenarios\ntb_mix\imp\imp_data\ntb_r05_mix_s42_m_ctn\node_flow_chunk_053.parquet,202913,1776,True,True,completed,recomputed,0.7445350000000417,57874913,2026-06-18T08:00:57.530976056+00:00
0.05,correlation_topology_neighbor_fill,same-time positive-correlation topology neighbors -> mean_fill,54,54,node_flow_chunk_054.parquet,E:\Jupter_Notebook\FedTrafficFlow\results\rdm_exp\scenarios\ntb_mix\imp\imp_data\ntb_r05_mix_s42_m_ctn\node_flow_chunk_054.parquet,204061,1702,True,True,completed,recomputed,0.7861341000000266,58008543,2026-06-18T08:01:21.450852156+00:00
0.05,correlation_topology_neighbor_fill,same-time positive-correlation topology neighbors -> mean_fill,55,55,node_flow_chunk_055.parquet,E:\Jupter_Notebook\FedTrafficFlow\results\rdm_exp\scenarios\ntb_mix\imp\imp_data\ntb_r05_mix_s42_m_ctn\node_flow_chunk_055.parquet,202732,1608,True,True,completed,recomputed,0.7283496000000014,57998049,2026-06-18T08:01:45.635117292+00:00
0.05,correlation_topology_neighbor_fill,same-time positive-correlation topology neighbors -> mean_fill,56,56,node_flow_chunk_056.parquet,E:\Jupter_Notebook\FedTrafficFlow\results\rdm_exp\scenarios\ntb_mix\imp\imp_data\ntb_r05_mix_s42_m_ctn\node_flow_chunk_056.parquet,201732,1726,True,True,completed,recomputed,0.7373064999999315,57998920,2026-06-18T08:02:10.270616293+00:00
0.05,correlation_topology_neighbor_fill,same-time positive-correlation topology neighbors -> mean_fill,57,57,node_flow_chunk_057.parquet,E:\Jupter_Notebook\FedTrafficFlow\results\rdm_exp\scenarios\ntb_mix\imp\imp_data\ntb_r05_mix_s42_m_ctn\node_flow_chunk_057.parquet,202916,1966,True,True,completed,recomputed,0.7250914999999623,57974895,2026-06-18T08:02:35.442188501+00:00
0.05,correlation_topology_neighbor_fill,same-time positive-correlation topology neighbors -> mean_fill,58,58,node_flow_chunk_058.parquet,E:\Jupter_Notebook\FedTrafficFlow\results\rdm_exp\scenarios\ntb_mix\imp\imp_data\ntb_r05_mix_s42_m_ctn\node_flow_chunk_058.parquet,200639,1695,True,True,completed,recomputed,0.7229068999999981,57954116,2026-06-18T08:02:59.270436287+00:00
0.05,correlation_topology_neighbor_fill,same-time positive-correlation topology neighbors -> mean_fill,59,59,node_flow_chunk_059.parquet,E:\Jupter_Notebook\FedTrafficFlow\results\rdm_exp\scenarios\ntb_mix\imp\imp_data\ntb_r05_mix_s42_m_ctn\node_flow_chunk_059.parquet,203663,1746,True,True,completed,recomputed,0.6889827999998488,57950890,2026-06-18T08:03:22.970706463+00:00
0.05,correlation_topology_neighbor_fill,same-time positive-correlation topology neighbors -> mean_fill,60,60,node_flow_chunk_060.parquet,E:\Jupter_Notebook\FedTrafficFlow\results\rdm_exp\scenarios\ntb_mix\imp\imp_data\ntb_r05_mix_s42_m_ctn\node_flow_chunk_060.parquet,189925,1412,True,True,completed,recomputed,0.719797299999982,57958486,2026-06-18T08:03:45.584901571+00:00
0.1,correlation_topology_neighbor_fill,same-time positive-correlation topology neighbors -> mean_fill,0,0,node_flow_chunk_000.parquet,E:\Jupter_Notebook\FedTrafficFlow\results\rdm_exp\scenarios\ntb_mix\imp\imp_data\ntb_r10_mix_s42_m_ctn\node_flow_chunk_000.parquet,380101,380101,True,True,completed,recomputed,0.7058528000000024,57602219,2026-06-18T08:04:00.235484123+00:00
0.1,correlation_topology_neighbor_fill,same-time positive-correlation topology neighbors -> mean_fill,1,1,node_flow_chunk_001.parquet,E:\Jupter_Notebook\FedTrafficFlow\results\rdm_exp\scenarios\ntb_mix\imp\imp_data\ntb_r10_mix_s42_m_ctn\node_flow_chunk_001.parquet,406811,8646,True,True,completed,recomputed,0.737888699999985,57839893,2026-06-18T08:04:41.215094566+00:00
0.1,correlation_topology_neighbor_fill,same-time positive-correlation topology neighbors -> mean_fill,2,2,node_flow_chunk_002.parquet,E:\Jupter_Notebook\FedTrafficFlow\results\rdm_exp\scenarios\ntb_mix\imp\imp_data\ntb_r10_mix_s42_m_ctn\node_flow_chunk_002.parquet,404536,8518,True,True,completed,recomputed,0.7916275000000041,57732625,2026-06-18T08:05:27.040924788+00:00
0.1,correlation_topology_neighbor_fill,same-time positive-correlation topology neighbors -> mean_fill,3,3,node_flow_chunk_003.parquet,E:\Jupter_Notebook\FedTrafficFlow\results\rdm_exp\scenarios\ntb_mix\imp\imp_data\ntb_r10_mix_s42_m_ctn\node_flow_chunk_003.parquet,405230,8653,True,True,completed,recomputed,0.7694062999999005,57719035,2026-06-18T08:06:12.298703432+00:00
0.1,correlation_topology_neighbor_fill,same-time positive-correlation topology neighbors -> mean_fill,4,4,node_flow_chunk_004.parquet,E:\Jupter_Notebook\FedTrafficFlow\results\rdm_exp\scenarios\ntb_mix\imp\imp_data\ntb_r10_mix_s42_m_ctn\node_flow_chunk_004.parquet,406036,8916,True,True,completed,recomputed,0.7783331999999064,57744033,2026-06-18T08:06:57.558502436+00:00
0.1,correlation_topology_neighbor_fill,same-time positive-correlation topology neighbors -> mean_fill,5,5,node_flow_chunk_005.parquet,E:\Jupter_Notebook\FedTrafficFlow\results\rdm_exp\scenarios\ntb_mix\imp\imp_data\ntb_r10_mix_s42_m_ctn\node_flow_chunk_005.parquet,402998,8249,True,True,completed,recomputed,0.7586028999999144,57795614,2026-06-18T08:07:43.794173002+00:00
0.1,correlation_topology_neighbor_fill,same-time positive-correlation topology neighbors -> mean_fill,6,6,node_flow_chunk_006.parquet,E:\Jupter_Notebook\FedTrafficFlow\results\rdm_exp\scenarios\ntb_mix\imp\imp_data\ntb_r10_mix_s42_m_ctn\node_flow_chunk_006.parquet,406985,8515,True,True,completed,recomputed,0.8824458000001414,57822662,2026-06-18T08:08:30.464267731+00:00
0.1,correlation_topology_neighbor_fill,same-time positive-correlation topology neighbors -> mean_fill,7,7,node_flow_chunk_007.parquet,E:\Jupter_Notebook\FedTrafficFlow\results\rdm_exp\scenarios\ntb_mix\imp\imp_data\ntb_r10_mix_s42_m_ctn\node_flow_chunk_007.parquet,403544,8273,True,True,completed,recomputed,0.8600197999999182,57838762,2026-06-18T08:09:17.386805534+00:00
0.1,correlation_topology_neighbor_fill,same-time positive-correlation topology neighbors -> mean_fill,8,8,node_flow_chunk_008.parquet,E:\Jupter_Notebook\FedTrafficFlow\results\rdm_exp\scenarios\ntb_mix\imp\imp_data\ntb_r10_mix_s42_m_ctn\node_flow_chunk_008.parquet,405700,8094,True,True,completed,recomputed,0.8401794000001246,57756318,2026-06-18T08:10:05.733798265+00:00
0.1,correlation_topology_neighbor_fill,same-time positive-correlation topology neighbors -> mean_fill,9,9,node_flow_chunk_009.parquet,E:\Jupter_Notebook\FedTrafficFlow\results\rdm_exp\scenarios\ntb_mix\imp\imp_data\ntb_r10_mix_s42_m_ctn\node_flow_chunk_009.parquet,405911,8479,True,True,completed,recomputed,0.7948891999999432,57743018,2026-06-18T08:10:52.407994509+00:00
0.1,correlation_topology_neighbor_fill,same-time positive-correlation topology neighbors -> mean_fill,10,10,node_flow_chunk_010.parquet,E:\Jupter_Notebook\FedTrafficFlow\results\rdm_exp\scenarios\ntb_mix\imp\imp_data\ntb_r10_mix_s42_m_ctn\node_flow_chunk_010.parquet,397607,7648,True,True,completed,recomputed,0.7485867999998845,57791610,2026-06-18T08:11:38.811008453+00:00
0.1,correlation_topology_neighbor_fill,same-time positive-correlation topology neighbors -> mean_fill,11,11,node_flow_chunk_011.parquet,E:\Jupter_Notebook\FedTrafficFlow\results\rdm_exp\scenarios\ntb_mix\imp\imp_data\ntb_r10_mix_s42_m_ctn\node_flow_chunk_011.parquet,402777,8104,True,True,completed,recomputed,0.7733126999999058,57753713,2026-06-18T08:12:26.104610205+00:00
0.1,correlation_topology_neighbor_fill,same-time positive-correlation topology neighbors -> mean_fill,12,12,node_flow_chunk_012.parquet,E:\Jupter_Notebook\FedTrafficFlow\results\rdm_exp\scenarios\ntb_mix\imp\imp_data\ntb_r10_mix_s42_m_ctn\node_flow_chunk_012.parquet,402294,7996,True,True,completed,recomputed,0.7556377999999313,57753775,2026-06-18T08:13:12.893069983+00:00
0.1,correlation_topology_neighbor_fill,same-time positive-correlation topology neighbors -> mean_fill,13,13,node_flow_chunk_013.parquet,E:\Jupter_Notebook\FedTrafficFlow\results\rdm_exp\scenarios\ntb_mix\imp\imp_data\ntb_r10_mix_s42_m_ctn\node_flow_chunk_013.parquet,405981,8392,True,True,completed,recomputed,0.7553979000003892,57790088,2026-06-18T08:14:03.360137701+00:00
0.1,correlation_topology_neighbor_fill,same-time positive-correlation topology neighbors -> mean_fill,14,14,node_flow_chunk_014.parquet,E:\Jupter_Notebook\FedTrafficFlow\results\rdm_exp\scenarios\ntb_mix\imp\imp_data\ntb_r10_mix_s42_m_ctn\node_flow_chunk_014.parquet,406187,8518,True,True,completed,recomputed,1.1341183999998066,57805757,2026-06-18T08:14:53.664289713+00:00
0.1,correlation_topology_neighbor_fill,same-time positive-correlation topology neighbors -> mean_fill,15,15,node_flow_chunk_015.parquet,E:\Jupter_Notebook\FedTrafficFlow\results\rdm_exp\scenarios\ntb_mix\imp\imp_data\ntb_r10_mix_s42_m_ctn\node_flow_chunk_015.parquet,403344,8351,True,True,completed,recomputed,0.81625269999995,57735627,2026-06-18T08:15:43.055174828+00:00
0.1,correlation_topology_neighbor_fill,same-time positive-correlation topology neighbors -> mean_fill,16,16,node_flow_chunk_016.parquet,E:\Jupter_Notebook\FedTrafficFlow\results\rdm_exp\scenarios\ntb_mix\imp\imp_data\ntb_r10_mix_s42_m_ctn\node_flow_chunk_016.parquet,401191,8246,True,True,completed,recomputed,0.8132504000000154,57786307,2026-06-18T08:16:37.289938211+00:00
0.1,correlation_topology_neighbor_fill,same-time positive-correlation topology neighbors -> mean_fill,17,17,node_flow_chunk_017.parquet,E:\Jupter_Notebook\FedTrafficFlow\results\rdm_exp\scenarios\ntb_mix\imp\imp_data\ntb_r10_mix_s42_m_ctn\node_flow_chunk_017.parquet,401671,8131,True,True,completed,recomputed,0.8920396000003166,57908954,2026-06-18T08:17:30.366039276+00:00
0.1,correlation_topology_neighbor_fill,same-time positive-correlation topology neighbors -> mean_fill,18,18,node_flow_chunk_018.parquet,E:\Jupter_Notebook\FedTrafficFlow\results\rdm_exp\scenarios\ntb_mix\imp\imp_data\ntb_r10_mix_s42_m_ctn\node_flow_chunk_018.parquet,403055,8434,True,True,completed,recomputed,1.3751727000003484,57913401,2026-06-18T08:18:23.489829540+00:00
0.1,correlation_topology_neighbor_fill,same-time positive-correlation topology neighbors -> mean_fill,19,19,node_flow_chunk_019.parquet,E:\Jupter_Notebook\FedTrafficFlow\results\rdm_exp\scenarios\ntb_mix\imp\imp_data\ntb_r10_mix_s42_m_ctn\node_flow_chunk_019.parquet,402717,7943,True,True,completed,recomputed,0.8377369999998336,57925113,2026-06-18T08:19:16.715590954+00:00
0.1,correlation_topology_neighbor_fill,same-time positive-correlation topology neighbors -> mean_fill,20,20,node_flow_chunk_020.parquet,E:\Jupter_Notebook\FedTrafficFlow\results\rdm_exp\scenarios\ntb_mix\imp\imp_data\ntb_r10_mix_s42_m_ctn\node_flow_chunk_020.parquet,406387,8434,True,True,completed,recomputed,0.8210325000000012,57935401,2026-06-18T08:20:10.131155013+00:00
0.1,correlation_topology_neighbor_fill,same-time positive-correlation topology neighbors -> mean_fill,21,21,node_flow_chunk_021.parquet,E:\Jupter_Notebook\FedTrafficFlow\results\rdm_exp\scenarios\ntb_mix\imp\imp_data\ntb_r10_mix_s42_m_ctn\node_flow_chunk_021.parquet,405974,8595,True,True,completed,recomputed,0.8522392999998374,57943119,2026-06-18T08:21:00.033270121+00:00
0.1,correlation_topology_neighbor_fill,same-time positive-correlation topology neighbors -> mean_fill,22,22,node_flow_chunk_022.parquet,E:\Jupter_Notebook\FedTrafficFlow\results\rdm_exp\scenarios\ntb_mix\imp\imp_data\ntb_r10_mix_s42_m_ctn\node_flow_chunk_022.parquet,404886,8117,True,True,completed,recomputed,0.7950154000000111,57901591,2026-06-18T08:21:50.336824417+00:00
0.1,correlation_topology_neighbor_fill,same-time positive-correlation topology neighbors -> mean_fill,23,23,node_flow_chunk_023.parquet,E:\Jupter_Notebook\FedTrafficFlow\results\rdm_exp\scenarios\ntb_mix\imp\imp_data\ntb_r10_mix_s42_m_ctn\node_flow_chunk_023.parquet,403709,8424,True,True,completed,recomputed,0.7520327000001998,57886864,2026-06-18T08:22:41.519804238+00:00
0.1,correlation_topology_neighbor_fill,same-time positive-correlation topology neighbors -> mean_fill,24,24,node_flow_chunk_024.parquet,E:\Jupter_Notebook\FedTrafficFlow\results\rdm_exp\scenarios\ntb_mix\imp\imp_data\ntb_r10_mix_s42_m_ctn\node_flow_chunk_024.parquet,404771,7972,True,True,completed,recomputed,0.816244099999949,57916059,2026-06-18T08:23:33.031197548+00:00
0.1,correlation_topology_neighbor_fill,same-time positive-correlation topology neighbors -> mean_fill,25,25,node_flow_chunk_025.parquet,E:\Jupter_Notebook\FedTrafficFlow\results\rdm_exp\scenarios\ntb_mix\imp\imp_data\ntb_r10_mix_s42_m_ctn\node_flow_chunk_025.parquet,402751,8124,True,True,completed,recomputed,0.8480516999998144,57904502,2026-06-18T08:24:26.973747253+00:00
0.1,correlation_topology_neighbor_fill,same-time positive-correlation topology neighbors -> mean_fill,26,26,node_flow_chunk_026.parquet,E:\Jupter_Notebook\FedTrafficFlow\results\rdm_exp\scenarios\ntb_mix\imp\imp_data\ntb_r10_mix_s42_m_ctn\node_flow_chunk_026.parquet,405361,8610,True,True,completed,recomputed,0.8590312000001177,57912306,2026-06-18T08:25:19.540515661+00:00
0.1,correlation_topology_neighbor_fill,same-time positive-correlation topology neighbors -> mean_fill,27,27,node_flow_chunk_027.parquet,E:\Jupter_Notebook\FedTrafficFlow\results\rdm_exp\scenarios\ntb_mix\imp\imp_data\ntb_r10_mix_s42_m_ctn\node_flow_chunk_027.parquet,409007,8460,True,True,completed,recomputed,0.8891892000001462,57917146,2026-06-18T08:26:15.673293114+00:00
0.1,correlation_topology_neighbor_fill,same-time positive-correlation topology neighbors -> mean_fill,28,28,node_flow_chunk_028.parquet,E:\Jupter_Notebook\FedTrafficFlow\results\rdm_exp\scenarios\ntb_mix\imp\imp_data\ntb_r10_mix_s42_m_ctn\node_flow_chunk_028.parquet,399518,8147,True,True,completed,recomputed,0.8762855999998465,57903733,2026-06-18T08:27:07.298926115+00:00
0.1,correlation_topology_neighbor_fill,same-time positive-correlation topology neighbors -> mean_fill,29,29,node_flow_chunk_029.parquet,E:\Jupter_Notebook\FedTrafficFlow\results\rdm_exp\scenarios\ntb_mix\imp\imp_data\ntb_r10_mix_s42_m_ctn\node_flow_chunk_029.parquet,403463,8460,True,True,completed,recomputed,0.8711263000000145,57856137,2026-06-18T08:27:58.947870016+00:00
0.1,correlation_topology_neighbor_fill,same-time positive-correlation topology neighbors -> mean_fill,30,30,node_flow_chunk_030.parquet,E:\Jupter_Notebook\FedTrafficFlow\results\rdm_exp\scenarios\ntb_mix\imp\imp_data\ntb_r10_mix_s42_m_ctn\node_flow_chunk_030.parquet,404319,8383,True,True,completed,recomputed,1.04049010000017,57828214,2026-06-18T08:28:51.464658022+00:00
0.1,correlation_topology_neighbor_fill,same-time positive-correlation topology neighbors -> mean_fill,31,31,node_flow_chunk_031.parquet,E:\Jupter_Notebook\FedTrafficFlow\results\rdm_exp\scenarios\ntb_mix\imp\imp_data\ntb_r10_mix_s42_m_ctn\node_flow_chunk_031.parquet,404577,8609,True,True,completed,recomputed,0.8491084000002047,57827423,2026-06-18T08:29:43.879196167+00:00
0.1,correlation_topology_neighbor_fill,same-time positive-correlation topology neighbors -> mean_fill,32,32,node_flow_chunk_032.parquet,E:\Jupter_Notebook\FedTrafficFlow\results\rdm_exp\scenarios\ntb_mix\imp\imp_data\ntb_r10_mix_s42_m_ctn\node_flow_chunk_032.parquet,407329,8169,True,True,completed,recomputed,1.3741741000003458,57872258,2026-06-18T08:30:46.440989017+00:00
0.1,correlation_topology_neighbor_fill,same-time positive-correlation topology neighbors -> mean_fill,33,33,node_flow_chunk_033.parquet,E:\Jupter_Notebook\FedTrafficFlow\results\rdm_exp\scenarios\ntb_mix\imp\imp_data\ntb_r10_mix_s42_m_ctn\node_flow_chunk_033.parquet,406070,8271,True,True,completed,recomputed,1.1737683999999715,57880448,2026-06-18T08:31:56.347081900+00:00
0.1,correlation_topology_neighbor_fill,same-time positive-correlation topology neighbors -> mean_fill,34,34,node_flow_chunk_034.parquet,E:\Jupter_Notebook\FedTrafficFlow\results\rdm_exp\scenarios\ntb_mix\imp\imp_data\ntb_r10_mix_s42_m_ctn\node_flow_chunk_034.parquet,404667,8385,True,True,completed,recomputed,1.0889722000001711,57900678,2026-06-18T08:33:05.305730581+00:00
0.1,correlation_topology_neighbor_fill,same-time positive-correlation topology neighbors -> mean_fill,35,35,node_flow_chunk_035.parquet,E:\Jupter_Notebook\FedTrafficFlow\results\rdm_exp\scenarios\ntb_mix\imp\imp_data\ntb_r10_mix_s42_m_ctn\node_flow_chunk_035.parquet,404804,8121,True,True,completed,recomputed,1.2293822000001455,57913155,2026-06-18T08:34:24.024473906+00:00
0.1,correlation_topology_neighbor_fill,same-time positive-correlation topology neighbors -> mean_fill,36,36,node_flow_chunk_036.parquet,E:\Jupter_Notebook\FedTrafficFlow\results\rdm_exp\scenarios\ntb_mix\imp\imp_data\ntb_r10_mix_s42_m_ctn\node_flow_chunk_036.parquet,405462,8278,True,True,completed,recomputed,1.099838600000112,57899169,2026-06-18T08:35:33.058262825+00:00
0.1,correlation_topology_neighbor_fill,same-time positive-correlation topology neighbors -> mean_fill,37,37,node_flow_chunk_037.parquet,E:\Jupter_Notebook\FedTrafficFlow\results\rdm_exp\scenarios\ntb_mix\imp\imp_data\ntb_r10_mix_s42_m_ctn\node_flow_chunk_037.parquet,404621,8042,True,True,completed,recomputed,1.1604127999999037,58360088,2026-06-18T08:36:40.128218412+00:00
0.1,correlation_topology_neighbor_fill,same-time positive-correlation topology neighbors -> mean_fill,38,38,node_flow_chunk_038.parquet,E:\Jupter_Notebook\FedTrafficFlow\results\rdm_exp\scenarios\ntb_mix\imp\imp_data\ntb_r10_mix_s42_m_ctn\node_flow_chunk_038.parquet,403558,8149,True,True,completed,recomputed,1.486138899999787,57910154,2026-06-18T08:37:48.191860676+00:00
0.1,correlation_topology_neighbor_fill,same-time positive-correlation topology neighbors -> mean_fill,39,39,node_flow_chunk_039.parquet,E:\Jupter_Notebook\FedTrafficFlow\results\rdm_exp\scenarios\ntb_mix\imp\imp_data\ntb_r10_mix_s42_m_ctn\node_flow_chunk_039.parquet,406307,8021,True,True,completed,recomputed,1.328079699999762,57924577,2026-06-18T08:38:58.538010836+00:00
0.1,correlation_topology_neighbor_fill,same-time positive-correlation topology neighbors -> mean_fill,40,40,node_flow_chunk_040.parquet,E:\Jupter_Notebook\FedTrafficFlow\results\rdm_exp\scenarios\ntb_mix\imp\imp_data\ntb_r10_mix_s42_m_ctn\node_flow_chunk_040.parquet,403964,8241,True,True,completed,recomputed,1.09628739999971,57913450,2026-06-18T08:40:10.755315304+00:00
0.1,correlation_topology_neighbor_fill,same-time positive-correlation topology neighbors -> mean_fill,41,41,node_flow_chunk_041.parquet,E:\Jupter_Notebook\FedTrafficFlow\results\rdm_exp\scenarios\ntb_mix\imp\imp_data\ntb_r10_mix_s42_m_ctn\node_flow_chunk_041.parquet,403695,8001,True,True,completed,recomputed,1.148875400000179,57919818,2026-06-18T08:41:20.405685186+00:00
0.1,correlation_topology_neighbor_fill,same-time positive-correlation topology neighbors -> mean_fill,42,42,node_flow_chunk_042.parquet,E:\Jupter_Notebook\FedTrafficFlow\results\rdm_exp\scenarios\ntb_mix\imp\imp_data\ntb_r10_mix_s42_m_ctn\node_flow_chunk_042.parquet,403474,8050,True,True,completed,recomputed,1.1039569999998091,57905867,2026-06-18T08:42:28.481254816+00:00
0.1,correlation_topology_neighbor_fill,same-time positive-correlation topology neighbors -> mean_fill,43,43,node_flow_chunk_043.parquet,E:\Jupter_Notebook\FedTrafficFlow\results\rdm_exp\scenarios\ntb_mix\imp\imp_data\ntb_r10_mix_s42_m_ctn\node_flow_chunk_043.parquet,406230,8108,True,True,completed,recomputed,1.0990712999996504,57871778,2026-06-18T08:43:36.376870394+00:00
0.1,correlation_topology_neighbor_fill,same-time positive-correlation topology neighbors -> mean_fill,44,44,node_flow_chunk_044.parquet,E:\Jupter_Notebook\FedTrafficFlow\results\rdm_exp\scenarios\ntb_mix\imp\imp_data\ntb_r10_mix_s42_m_ctn\node_flow_chunk_044.parquet,402010,8349,True,True,completed,recomputed,1.131828399999904,57862074,2026-06-18T08:44:44.386265039+00:00
0.1,correlation_topology_neighbor_fill,same-time positive-correlation topology neighbors -> mean_fill,45,45,node_flow_chunk_045.parquet,E:\Jupter_Notebook\FedTrafficFlow\results\rdm_exp\scenarios\ntb_mix\imp\imp_data\ntb_r10_mix_s42_m_ctn\node_flow_chunk_045.parquet,408530,8472,True,True,completed,recomputed,1.2495764000000236,57884798,2026-06-18T08:45:52.216854572+00:00
0.1,correlation_topology_neighbor_fill,same-time positive-correlation topology neighbors -> mean_fill,46,46,node_flow_chunk_046.parquet,E:\Jupter_Notebook\FedTrafficFlow\results\rdm_exp\scenarios\ntb_mix\imp\imp_data\ntb_r10_mix_s42_m_ctn\node_flow_chunk_046.parquet,402383,8203,True,True,completed,recomputed,1.1353143999999702,57911957,2026-06-18T08:47:01.318522215+00:00
0.1,correlation_topology_neighbor_fill,same-time positive-correlation topology neighbors -> mean_fill,47,47,node_flow_chunk_047.parquet,E:\Jupter_Notebook\FedTrafficFlow\results\rdm_exp\scenarios\ntb_mix\imp\imp_data\ntb_r10_mix_s42_m_ctn\node_flow_chunk_047.parquet,404796,7921,True,True,completed,recomputed,1.322765299999446,57932335,2026-06-18T08:48:22.287598133+00:00
0.1,correlation_topology_neighbor_fill,same-time positive-correlation topology neighbors -> mean_fill,48,48,node_flow_chunk_048.parquet,E:\Jupter_Notebook\FedTrafficFlow\results\rdm_exp\scenarios\ntb_mix\imp\imp_data\ntb_r10_mix_s42_m_ctn\node_flow_chunk_048.parquet,402247,7820,True,True,completed,recomputed,1.4778840999997556,57957224,2026-06-18T08:49:35.239511490+00:00
0.1,correlation_topology_neighbor_fill,same-time positive-correlation topology neighbors -> mean_fill,49,49,node_flow_chunk_049.parquet,E:\Jupter_Notebook\FedTrafficFlow\results\rdm_exp\scenarios\ntb_mix\imp\imp_data\ntb_r10_mix_s42_m_ctn\node_flow_chunk_049.parquet,403501,7611,True,True,completed,recomputed,1.3706446999995023,57968659,2026-06-18T08:50:51.654353380+00:00
0.1,correlation_topology_neighbor_fill,same-time positive-correlation topology neighbors -> mean_fill,50,50,node_flow_chunk_050.parquet,E:\Jupter_Notebook\FedTrafficFlow\results\rdm_exp\scenarios\ntb_mix\imp\imp_data\ntb_r10_mix_s42_m_ctn\node_flow_chunk_050.parquet,404636,8101,True,True,completed,recomputed,1.186990199999855,57928031,2026-06-18T08:52:08.096169949+00:00
0.1,correlation_topology_neighbor_fill,same-time positive-correlation topology neighbors -> mean_fill,51,51,node_flow_chunk_051.parquet,E:\Jupter_Notebook\FedTrafficFlow\results\rdm_exp\scenarios\ntb_mix\imp\imp_data\ntb_r10_mix_s42_m_ctn\node_flow_chunk_051.parquet,403418,8190,True,True,completed,recomputed,1.1714711000004172,57910832,2026-06-18T08:53:20.351474762+00:00
0.1,correlation_topology_neighbor_fill,same-time positive-correlation topology neighbors -> mean_fill,52,52,node_flow_chunk_052.parquet,E:\Jupter_Notebook\FedTrafficFlow\results\rdm_exp\scenarios\ntb_mix\imp\imp_data\ntb_r10_mix_s42_m_ctn\node_flow_chunk_052.parquet,403720,7973,True,True,completed,recomputed,1.2123545000004017,57897623,2026-06-18T08:54:34.019466162+00:00
0.1,correlation_topology_neighbor_fill,same-time positive-correlation topology neighbors -> mean_fill,53,53,node_flow_chunk_053.parquet,E:\Jupter_Notebook\FedTrafficFlow\results\rdm_exp\scenarios\ntb_mix\imp\imp_data\ntb_r10_mix_s42_m_ctn\node_flow_chunk_053.parquet,404123,8103,True,True,completed,recomputed,1.1127932999997938,57927811,2026-06-18T08:55:47.604705095+00:00
0.1,correlation_topology_neighbor_fill,same-time positive-correlation topology neighbors -> mean_fill,54,54,node_flow_chunk_054.parquet,E:\Jupter_Notebook\FedTrafficFlow\results\rdm_exp\scenarios\ntb_mix\imp\imp_data\ntb_r10_mix_s42_m_ctn\node_flow_chunk_054.parquet,405158,8137,True,True,completed,recomputed,1.011676699999953,58057577,2026-06-18T08:56:56.822145462+00:00
0.1,correlation_topology_neighbor_fill,same-time positive-correlation topology neighbors -> mean_fill,55,55,node_flow_chunk_055.parquet,E:\Jupter_Notebook\FedTrafficFlow\results\rdm_exp\scenarios\ntb_mix\imp\imp_data\ntb_r10_mix_s42_m_ctn\node_flow_chunk_055.parquet,405123,8427,True,True,completed,recomputed,1.1884080999998332,58045035,2026-06-18T08:57:59.720582247+00:00
0.1,correlation_topology_neighbor_fill,same-time positive-correlation topology neighbors -> mean_fill,56,56,node_flow_chunk_056.parquet,E:\Jupter_Notebook\FedTrafficFlow\results\rdm_exp\scenarios\ntb_mix\imp\imp_data\ntb_r10_mix_s42_m_ctn\node_flow_chunk_056.parquet,402955,8185,True,True,completed,recomputed,1.6543993000004775,58065938,2026-06-18T08:59:10.570893764+00:00
0.1,correlation_topology_neighbor_fill,same-time positive-correlation topology neighbors -> mean_fill,57,57,node_flow_chunk_057.parquet,E:\Jupter_Notebook\FedTrafficFlow\results\rdm_exp\scenarios\ntb_mix\imp\imp_data\ntb_r10_mix_s42_m_ctn\node_flow_chunk_057.parquet,402921,8113,True,True,completed,recomputed,1.3033691999999064,58028507,2026-06-18T09:00:19.224038839+00:00
0.1,correlation_topology_neighbor_fill,same-time positive-correlation topology neighbors -> mean_fill,58,58,node_flow_chunk_058.parquet,E:\Jupter_Notebook\FedTrafficFlow\results\rdm_exp\scenarios\ntb_mix\imp\imp_data\ntb_r10_mix_s42_m_ctn\node_flow_chunk_058.parquet,405706,8615,True,True,completed,recomputed,1.015789200000654,58007913,2026-06-18T09:01:37.974041700+00:00
0.1,correlation_topology_neighbor_fill,same-time positive-correlation topology neighbors -> mean_fill,59,59,node_flow_chunk_059.parquet,E:\Jupter_Notebook\FedTrafficFlow\results\rdm_exp\scenarios\ntb_mix\imp\imp_data\ntb_r10_mix_s42_m_ctn\node_flow_chunk_059.parquet,403044,8104,True,True,completed,recomputed,1.3968758999999409,58007561,2026-06-18T09:02:45.461574316+00:00
0.1,correlation_topology_neighbor_fill,same-time positive-correlation topology neighbors -> mean_fill,60,60,node_flow_chunk_060.parquet,E:\Jupter_Notebook\FedTrafficFlow\results\rdm_exp\scenarios\ntb_mix\imp\imp_data\ntb_r10_mix_s42_m_ctn\node_flow_chunk_060.parquet,379503,7781,True,True,completed,recomputed,1.6488177999999607,58005340,2026-06-18T09:03:44.443524599+00:00
0.2,correlation_topology_neighbor_fill,same-time positive-correlation topology neighbors -> mean_fill,0,0,node_flow_chunk_000.parquet,E:\Jupter_Notebook\FedTrafficFlow\results\rdm_exp\scenarios\ntb_mix\imp\imp_data\ntb_r20_mix_s42_m_ctn\node_flow_chunk_000.parquet,806443,806443,True,True,completed,recomputed,2.0093269999997574,57185895,2026-06-18T09:05:08.889302254+00:00
0.2,correlation_topology_neighbor_fill,same-time positive-correlation topology neighbors -> mean_fill,1,1,node_flow_chunk_001.parquet,E:\Jupter_Notebook\FedTrafficFlow\results\rdm_exp\scenarios\ntb_mix\imp\imp_data\ntb_r20_mix_s42_m_ctn\node_flow_chunk_001.parquet,807216,49721,True,True,completed,recomputed,1.1347689999993236,57921867,2026-06-18T09:07:15.344845533+00:00
0.2,correlation_topology_neighbor_fill,same-time positive-correlation topology neighbors -> mean_fill,2,2,node_flow_chunk_002.parquet,E:\Jupter_Notebook\FedTrafficFlow\results\rdm_exp\scenarios\ntb_mix\imp\imp_data\ntb_r20_mix_s42_m_ctn\node_flow_chunk_002.parquet,807312,47910,True,True,completed,recomputed,0.9874903999998424,57776187,2026-06-18T09:09:16.886881590+00:00
0.2,correlation_topology_neighbor_fill,same-time positive-correlation topology neighbors -> mean_fill,3,3,node_flow_chunk_003.parquet,E:\Jupter_Notebook\FedTrafficFlow\results\rdm_exp\scenarios\ntb_mix\imp\imp_data\ntb_r20_mix_s42_m_ctn\node_flow_chunk_003.parquet,807295,48352,True,True,completed,recomputed,1.0749512000002142,57818186,2026-06-18T09:11:11.440851450+00:00
0.2,correlation_topology_neighbor_fill,same-time positive-correlation topology neighbors -> mean_fill,4,4,node_flow_chunk_004.parquet,E:\Jupter_Notebook\FedTrafficFlow\results\rdm_exp\scenarios\ntb_mix\imp\imp_data\ntb_r20_mix_s42_m_ctn\node_flow_chunk_004.parquet,807204,47511,True,True,completed,recomputed,1.0475250999998025,57840199,2026-06-18T09:13:01.564824820+00:00
0.2,correlation_topology_neighbor_fill,same-time positive-correlation topology neighbors -> mean_fill,5,5,node_flow_chunk_005.parquet,E:\Jupter_Notebook\FedTrafficFlow\results\rdm_exp\scenarios\ntb_mix\imp\imp_data\ntb_r20_mix_s42_m_ctn\node_flow_chunk_005.parquet,806834,47198,True,True,completed,recomputed,1.299985400000878,57899662,2026-06-18T09:15:04.054928541+00:00
0.2,correlation_topology_neighbor_fill,same-time positive-correlation topology neighbors -> mean_fill,6,6,node_flow_chunk_006.parquet,E:\Jupter_Notebook\FedTrafficFlow\results\rdm_exp\scenarios\ntb_mix\imp\imp_data\ntb_r20_mix_s42_m_ctn\node_flow_chunk_006.parquet,806043,48119,True,True,completed,recomputed,0.9988019000002168,57910333,2026-06-18T09:17:15.897906303+00:00
0.2,correlation_topology_neighbor_fill,same-time positive-correlation topology neighbors -> mean_fill,7,7,node_flow_chunk_007.parquet,E:\Jupter_Notebook\FedTrafficFlow\results\rdm_exp\scenarios\ntb_mix\imp\imp_data\ntb_r20_mix_s42_m_ctn\node_flow_chunk_007.parquet,808111,47341,True,True,completed,recomputed,1.2686736000005112,57928695,2026-06-18T09:20:09.107162714+00:00
0.2,correlation_topology_neighbor_fill,same-time positive-correlation topology neighbors -> mean_fill,8,8,node_flow_chunk_008.parquet,E:\Jupter_Notebook\FedTrafficFlow\results\rdm_exp\scenarios\ntb_mix\imp\imp_data\ntb_r20_mix_s42_m_ctn\node_flow_chunk_008.parquet,808578,47651,True,True,completed,recomputed,1.2454044999994949,57851937,2026-06-18T09:22:53.567834377+00:00
0.2,correlation_topology_neighbor_fill,same-time positive-correlation topology neighbors -> mean_fill,9,9,node_flow_chunk_009.parquet,E:\Jupter_Notebook\FedTrafficFlow\results\rdm_exp\scenarios\ntb_mix\imp\imp_data\ntb_r20_mix_s42_m_ctn\node_flow_chunk_009.parquet,807462,47972,True,True,completed,recomputed,1.1073710000000574,57855228,2026-06-18T09:25:13.931540489+00:00
0.2,correlation_topology_neighbor_fill,same-time positive-correlation topology neighbors -> mean_fill,10,10,node_flow_chunk_010.parquet,E:\Jupter_Notebook\FedTrafficFlow\results\rdm_exp\scenarios\ntb_mix\imp\imp_data\ntb_r20_mix_s42_m_ctn\node_flow_chunk_010.parquet,807409,47039,True,True,completed,recomputed,1.0324165000001813,57890969,2026-06-18T09:27:19.654336691+00:00
0.2,correlation_topology_neighbor_fill,same-time positive-correlation topology neighbors -> mean_fill,11,11,node_flow_chunk_011.parquet,E:\Jupter_Notebook\FedTrafficFlow\results\rdm_exp\scenarios\ntb_mix\imp\imp_data\ntb_r20_mix_s42_m_ctn\node_flow_chunk_011.parquet,807754,46697,True,True,completed,recomputed,1.008873499999936,57860656,2026-06-18T09:29:22.630239964+00:00
0.2,correlation_topology_neighbor_fill,same-time positive-correlation topology neighbors -> mean_fill,12,12,node_flow_chunk_012.parquet,E:\Jupter_Notebook\FedTrafficFlow\results\rdm_exp\scenarios\ntb_mix\imp\imp_data\ntb_r20_mix_s42_m_ctn\node_flow_chunk_012.parquet,806985,46745,True,True,completed,recomputed,1.2982523000000583,57852295,2026-06-18T09:31:37.969362497+00:00
0.2,correlation_topology_neighbor_fill,same-time positive-correlation topology neighbors -> mean_fill,13,13,node_flow_chunk_013.parquet,E:\Jupter_Notebook\FedTrafficFlow\results\rdm_exp\scenarios\ntb_mix\imp\imp_data\ntb_r20_mix_s42_m_ctn\node_flow_chunk_013.parquet,808563,46890,True,True,completed,recomputed,1.14022389999991,57894984,2026-06-18T09:34:11.779764175+00:00
0.2,correlation_topology_neighbor_fill,same-time positive-correlation topology neighbors -> mean_fill,14,14,node_flow_chunk_014.parquet,E:\Jupter_Notebook\FedTrafficFlow\results\rdm_exp\scenarios\ntb_mix\imp\imp_data\ntb_r20_mix_s42_m_ctn\node_flow_chunk_014.parquet,807625,47246,True,True,completed,recomputed,1.0691565999995871,57904235,2026-06-18T09:36:25.215949774+00:00
0.2,correlation_topology_neighbor_fill,same-time positive-correlation topology neighbors -> mean_fill,15,15,node_flow_chunk_015.parquet,E:\Jupter_Notebook\FedTrafficFlow\results\rdm_exp\scenarios\ntb_mix\imp\imp_data\ntb_r20_mix_s42_m_ctn\node_flow_chunk_015.parquet,806498,47152,True,True,completed,recomputed,1.6166767000004256,57831791,2026-06-18T09:39:30.459285498+00:00
0.2,correlation_topology_neighbor_fill,same-time positive-correlation topology neighbors -> mean_fill,16,16,node_flow_chunk_016.parquet,E:\Jupter_Notebook\FedTrafficFlow\results\rdm_exp\scenarios\ntb_mix\imp\imp_data\ntb_r20_mix_s42_m_ctn\node_flow_chunk_016.parquet,807267,47889,True,True,completed,recomputed,1.169503099999929,57885467,2026-06-18T09:43:59.442607164+00:00
0.2,correlation_topology_neighbor_fill,same-time positive-correlation topology neighbors -> mean_fill,17,17,node_flow_chunk_017.parquet,E:\Jupter_Notebook\FedTrafficFlow\results\rdm_exp\scenarios\ntb_mix\imp\imp_data\ntb_r20_mix_s42_m_ctn\node_flow_chunk_017.parquet,805731,47539,True,True,completed,recomputed,2.090754699999706,58010030,2026-06-18T09:47:13.037876606+00:00
0.2,correlation_topology_neighbor_fill,same-time positive-correlation topology neighbors -> mean_fill,18,18,node_flow_chunk_018.parquet,E:\Jupter_Notebook\FedTrafficFlow\results\rdm_exp\scenarios\ntb_mix\imp\imp_data\ntb_r20_mix_s42_m_ctn\node_flow_chunk_018.parquet,807002,47614,True,True,completed,recomputed,1.530271300000095,58010574,2026-06-18T09:50:27.986395359+00:00
0.2,correlation_topology_neighbor_fill,same-time positive-correlation topology neighbors -> mean_fill,19,19,node_flow_chunk_019.parquet,E:\Jupter_Notebook\FedTrafficFlow\results\rdm_exp\scenarios\ntb_mix\imp\imp_data\ntb_r20_mix_s42_m_ctn\node_flow_chunk_019.parquet,807357,47425,True,True,completed,recomputed,2.290655300000253,58020107,2026-06-18T09:53:34.716830015+00:00
0.2,correlation_topology_neighbor_fill,same-time positive-correlation topology neighbors -> mean_fill,20,20,node_flow_chunk_020.parquet,E:\Jupter_Notebook\FedTrafficFlow\results\rdm_exp\scenarios\ntb_mix\imp\imp_data\ntb_r20_mix_s42_m_ctn\node_flow_chunk_020.parquet,807418,47619,True,True,completed,recomputed,3.904350400000112,58041224,2026-06-18T09:57:05.736618996+00:00
0.2,correlation_topology_neighbor_fill,same-time positive-correlation topology neighbors -> mean_fill,21,21,node_flow_chunk_021.parquet,E:\Jupter_Notebook\FedTrafficFlow\results\rdm_exp\scenarios\ntb_mix\imp\imp_data\ntb_r20_mix_s42_m_ctn\node_flow_chunk_021.parquet,806839,47824,True,True,completed,recomputed,2.5909859000003053,58046431,2026-06-18T10:01:59.586460590+00:00
0.2,correlation_topology_neighbor_fill,same-time positive-correlation topology neighbors -> mean_fill,22,22,node_flow_chunk_022.parquet,E:\Jupter_Notebook\FedTrafficFlow\results\rdm_exp\scenarios\ntb_mix\imp\imp_data\ntb_r20_mix_s42_m_ctn\node_flow_chunk_022.parquet,808141,47018,True,True,completed,recomputed,1.822405599999911,58006411,2026-06-18T10:04:39.863251209+00:00
0.2,correlation_topology_neighbor_fill,same-time positive-correlation topology neighbors -> mean_fill,23,23,node_flow_chunk_023.parquet,E:\Jupter_Notebook\FedTrafficFlow\results\rdm_exp\scenarios\ntb_mix\imp\imp_data\ntb_r20_mix_s42_m_ctn\node_flow_chunk_023.parquet,807605,47697,True,True,completed,recomputed,1.195748299999991,57982106,2026-06-18T16:17:51.391142607+00:00
0.2,correlation_topology_neighbor_fill,same-time positive-correlation topology neighbors -> mean_fill,24,24,node_flow_chunk_024.parquet,E:\Jupter_Notebook\FedTrafficFlow\results\rdm_exp\scenarios\ntb_mix\imp\imp_data\ntb_r20_mix_s42_m_ctn\node_flow_chunk_024.parquet,806800,47387,True,True,completed,recomputed,1.1928656000000046,58008016,2026-06-18T16:20:05.305534601+00:00
0.2,correlation_topology_neighbor_fill,same-time positive-correlation topology neighbors -> mean_fill,25,25,node_flow_chunk_025.parquet,E:\Jupter_Notebook\FedTrafficFlow\results\rdm_exp\scenarios\ntb_mix\imp\imp_data\ntb_r20_mix_s42_m_ctn\node_flow_chunk_025.parquet,805605,46870,True,True,completed,recomputed,1.078552899999977,57993852,2026-06-18T16:22:19.228887081+00:00
0.2,correlation_topology_neighbor_fill,same-time positive-correlation topology neighbors -> mean_fill,26,26,node_flow_chunk_026.parquet,E:\Jupter_Notebook\FedTrafficFlow\results\rdm_exp\scenarios\ntb_mix\imp\imp_data\ntb_r20_mix_s42_m_ctn\node_flow_chunk_026.parquet,805981,46835,True,True,completed,recomputed,0.9853407000000516,58004594,2026-06-18T16:24:25.651473999+00:00
0.2,correlation_topology_neighbor_fill,same-time positive-correlation topology neighbors -> mean_fill,27,27,node_flow_chunk_027.parquet,E:\Jupter_Notebook\FedTrafficFlow\results\rdm_exp\scenarios\ntb_mix\imp\imp_data\ntb_r20_mix_s42_m_ctn\node_flow_chunk_027.parquet,807212,47553,True,True,completed,recomputed,0.9796149000000014,58009408,2026-06-18T16:26:27.727810383+00:00
0.2,correlation_topology_neighbor_fill,same-time positive-correlation topology neighbors -> mean_fill,28,28,node_flow_chunk_028.parquet,E:\Jupter_Notebook\FedTrafficFlow\results\rdm_exp\scenarios\ntb_mix\imp\imp_data\ntb_r20_mix_s42_m_ctn\node_flow_chunk_028.parquet,808819,47434,True,True,completed,recomputed,1.0733874000000014,57993415,2026-06-18T16:28:29.531193495+00:00
0.2,correlation_topology_neighbor_fill,same-time positive-correlation topology neighbors -> mean_fill,29,29,node_flow_chunk_029.parquet,E:\Jupter_Notebook\FedTrafficFlow\results\rdm_exp\scenarios\ntb_mix\imp\imp_data\ntb_r20_mix_s42_m_ctn\node_flow_chunk_029.parquet,807360,47861,True,True,completed,recomputed,1.0555799000001116,57965952,2026-06-18T16:30:31.866365671+00:00
0.2,correlation_topology_neighbor_fill,same-time positive-correlation topology neighbors -> mean_fill,30,30,node_flow_chunk_030.parquet,E:\Jupter_Notebook\FedTrafficFlow\results\rdm_exp\scenarios\ntb_mix\imp\imp_data\ntb_r20_mix_s42_m_ctn\node_flow_chunk_030.parquet,805902,47285,True,True,completed,recomputed,1.1016190000000279,57931213,2026-06-18T16:32:34.199501514+00:00
0.2,correlation_topology_neighbor_fill,same-time positive-correlation topology neighbors -> mean_fill,31,31,node_flow_chunk_031.parquet,E:\Jupter_Notebook\FedTrafficFlow\results\rdm_exp\scenarios\ntb_mix\imp\imp_data\ntb_r20_mix_s42_m_ctn\node_flow_chunk_031.parquet,807774,47629,True,True,completed,recomputed,1.0504146999999193,57936368,2026-06-18T16:34:36.986570597+00:00
0.2,correlation_topology_neighbor_fill,same-time positive-correlation topology neighbors -> mean_fill,32,32,node_flow_chunk_032.parquet,E:\Jupter_Notebook\FedTrafficFlow\results\rdm_exp\scenarios\ntb_mix\imp\imp_data\ntb_r20_mix_s42_m_ctn\node_flow_chunk_032.parquet,807092,47406,True,True,completed,recomputed,1.1311196000001473,57969420,2026-06-18T16:36:40.092070818+00:00
0.2,correlation_topology_neighbor_fill,same-time positive-correlation topology neighbors -> mean_fill,33,33,node_flow_chunk_033.parquet,E:\Jupter_Notebook\FedTrafficFlow\results\rdm_exp\scenarios\ntb_mix\imp\imp_data\ntb_r20_mix_s42_m_ctn\node_flow_chunk_033.parquet,806956,47590,True,True,completed,recomputed,1.088229100000035,57984350,2026-06-18T16:38:44.310743332+00:00
0.2,correlation_topology_neighbor_fill,same-time positive-correlation topology neighbors -> mean_fill,34,34,node_flow_chunk_034.parquet,E:\Jupter_Notebook\FedTrafficFlow\results\rdm_exp\scenarios\ntb_mix\imp\imp_data\ntb_r20_mix_s42_m_ctn\node_flow_chunk_034.parquet,807036,47956,True,True,completed,recomputed,1.06868929999996,57999242,2026-06-18T16:40:47.637224436+00:00
0.2,correlation_topology_neighbor_fill,same-time positive-correlation topology neighbors -> mean_fill,35,35,node_flow_chunk_035.parquet,E:\Jupter_Notebook\FedTrafficFlow\results\rdm_exp\scenarios\ntb_mix\imp\imp_data\ntb_r20_mix_s42_m_ctn\node_flow_chunk_035.parquet,806365,47168,True,True,completed,recomputed,1.017264300000079,58007676,2026-06-18T16:42:50.673763990+00:00
0.2,correlation_topology_neighbor_fill,same-time positive-correlation topology neighbors -> mean_fill,36,36,node_flow_chunk_036.parquet,E:\Jupter_Notebook\FedTrafficFlow\results\rdm_exp\scenarios\ntb_mix\imp\imp_data\ntb_r20_mix_s42_m_ctn\node_flow_chunk_036.parquet,807122,47538,True,True,completed,recomputed,1.0648662999999488,57995946,2026-06-18T16:44:57.563692093+00:00
0.2,correlation_topology_neighbor_fill,same-time positive-correlation topology neighbors -> mean_fill,37,37,node_flow_chunk_037.parquet,E:\Jupter_Notebook\FedTrafficFlow\results\rdm_exp\scenarios\ntb_mix\imp\imp_data\ntb_r20_mix_s42_m_ctn\node_flow_chunk_037.parquet,806091,47253,True,True,completed,recomputed,0.9270808999999645,58431263,2026-06-18T16:46:54.598242283+00:00
0.2,correlation_topology_neighbor_fill,same-time positive-correlation topology neighbors -> mean_fill,38,38,node_flow_chunk_038.parquet,E:\Jupter_Notebook\FedTrafficFlow\results\rdm_exp\scenarios\ntb_mix\imp\imp_data\ntb_r20_mix_s42_m_ctn\node_flow_chunk_038.parquet,806677,47779,True,True,completed,recomputed,0.9504713999999694,58017953,2026-06-18T16:48:50.450102568+00:00
0.2,correlation_topology_neighbor_fill,same-time positive-correlation topology neighbors -> mean_fill,39,39,node_flow_chunk_039.parquet,E:\Jupter_Notebook\FedTrafficFlow\results\rdm_exp\scenarios\ntb_mix\imp\imp_data\ntb_r20_mix_s42_m_ctn\node_flow_chunk_039.parquet,805545,47894,True,True,completed,recomputed,0.9282768999996733,58033215,2026-06-18T16:50:46.180749178+00:00
0.2,correlation_topology_neighbor_fill,same-time positive-correlation topology neighbors -> mean_fill,40,40,node_flow_chunk_040.parquet,E:\Jupter_Notebook\FedTrafficFlow\results\rdm_exp\scenarios\ntb_mix\imp\imp_data\ntb_r20_mix_s42_m_ctn\node_flow_chunk_040.parquet,806425,47642,True,True,completed,recomputed,0.9525830000002316,58019616,2026-06-18T16:52:53.076871634+00:00
0.2,correlation_topology_neighbor_fill,same-time positive-correlation topology neighbors -> mean_fill,41,41,node_flow_chunk_041.parquet,E:\Jupter_Notebook\FedTrafficFlow\results\rdm_exp\scenarios\ntb_mix\imp\imp_data\ntb_r20_mix_s42_m_ctn\node_flow_chunk_041.parquet,808180,46891,True,True,completed,recomputed,0.9685899999999492,58026280,2026-06-18T16:54:58.788477898+00:00
0.2,correlation_topology_neighbor_fill,same-time positive-correlation topology neighbors -> mean_fill,42,42,node_flow_chunk_042.parquet,E:\Jupter_Notebook\FedTrafficFlow\results\rdm_exp\scenarios\ntb_mix\imp\imp_data\ntb_r20_mix_s42_m_ctn\node_flow_chunk_042.parquet,807549,47429,True,True,completed,recomputed,0.9230238999998619,58022885,2026-06-18T16:57:03.884535789+00:00
0.2,correlation_topology_neighbor_fill,same-time positive-correlation topology neighbors -> mean_fill,43,43,node_flow_chunk_043.parquet,E:\Jupter_Notebook\FedTrafficFlow\results\rdm_exp\scenarios\ntb_mix\imp\imp_data\ntb_r20_mix_s42_m_ctn\node_flow_chunk_043.parquet,806868,47417,True,True,completed,recomputed,0.9386045999999624,57980829,2026-06-18T16:59:10.153329849+00:00
0.2,correlation_topology_neighbor_fill,same-time positive-correlation topology neighbors -> mean_fill,44,44,node_flow_chunk_044.parquet,E:\Jupter_Notebook\FedTrafficFlow\results\rdm_exp\scenarios\ntb_mix\imp\imp_data\ntb_r20_mix_s42_m_ctn\node_flow_chunk_044.parquet,806213,46432,True,True,completed,recomputed,0.9133277999999336,57968667,2026-06-18T17:01:16.351528406+00:00
0.2,correlation_topology_neighbor_fill,same-time positive-correlation topology neighbors -> mean_fill,45,45,node_flow_chunk_045.parquet,E:\Jupter_Notebook\FedTrafficFlow\results\rdm_exp\scenarios\ntb_mix\imp\imp_data\ntb_r20_mix_s42_m_ctn\node_flow_chunk_045.parquet,806974,47089,True,True,completed,recomputed,0.9915375000000495,57990546,2026-06-18T17:03:22.973005772+00:00
0.2,correlation_topology_neighbor_fill,same-time positive-correlation topology neighbors -> mean_fill,46,46,node_flow_chunk_046.parquet,E:\Jupter_Notebook\FedTrafficFlow\results\rdm_exp\scenarios\ntb_mix\imp\imp_data\ntb_r20_mix_s42_m_ctn\node_flow_chunk_046.parquet,804135,46084,True,True,completed,recomputed,0.9441285000002608,58014829,2026-06-18T17:05:33.503217459+00:00
0.2,correlation_topology_neighbor_fill,same-time positive-correlation topology neighbors -> mean_fill,47,47,node_flow_chunk_047.parquet,E:\Jupter_Notebook\FedTrafficFlow\results\rdm_exp\scenarios\ntb_mix\imp\imp_data\ntb_r20_mix_s42_m_ctn\node_flow_chunk_047.parquet,808554,47687,True,True,completed,recomputed,0.8660248999999567,58031515,2026-06-18T17:07:31.601074457+00:00
0.2,correlation_topology_neighbor_fill,same-time positive-correlation topology neighbors -> mean_fill,48,48,node_flow_chunk_048.parquet,E:\Jupter_Notebook\FedTrafficFlow\results\rdm_exp\scenarios\ntb_mix\imp\imp_data\ntb_r20_mix_s42_m_ctn\node_flow_chunk_048.parquet,805425,47363,True,True,completed,recomputed,0.9178243999999722,58055248,2026-06-18T17:09:27.327647209+00:00
0.2,correlation_topology_neighbor_fill,same-time positive-correlation topology neighbors -> mean_fill,49,49,node_flow_chunk_049.parquet,E:\Jupter_Notebook\FedTrafficFlow\results\rdm_exp\scenarios\ntb_mix\imp\imp_data\ntb_r20_mix_s42_m_ctn\node_flow_chunk_049.parquet,807073,47430,True,True,completed,recomputed,0.9019078999999692,58064940,2026-06-18T17:11:23.156462908+00:00
0.2,correlation_topology_neighbor_fill,same-time positive-correlation topology neighbors -> mean_fill,50,50,node_flow_chunk_050.parquet,E:\Jupter_Notebook\FedTrafficFlow\results\rdm_exp\scenarios\ntb_mix\imp\imp_data\ntb_r20_mix_s42_m_ctn\node_flow_chunk_050.parquet,806460,47355,True,True,completed,recomputed,0.8767966999998862,58041842,2026-06-18T17:13:18.270315409+00:00
0.2,correlation_topology_neighbor_fill,same-time positive-correlation topology neighbors -> mean_fill,51,51,node_flow_chunk_051.parquet,E:\Jupter_Notebook\FedTrafficFlow\results\rdm_exp\scenarios\ntb_mix\imp\imp_data\ntb_r20_mix_s42_m_ctn\node_flow_chunk_051.parquet,806851,46541,True,True,completed,recomputed,0.8603555000004235,58014729,2026-06-18T17:15:13.493172884+00:00
0.2,correlation_topology_neighbor_fill,same-time positive-correlation topology neighbors -> mean_fill,52,52,node_flow_chunk_052.parquet,E:\Jupter_Notebook\FedTrafficFlow\results\rdm_exp\scenarios\ntb_mix\imp\imp_data\ntb_r20_mix_s42_m_ctn\node_flow_chunk_052.parquet,806011,47587,True,True,completed,recomputed,0.8974778000001606,57987677,2026-06-18T17:17:09.406277657+00:00
0.2,correlation_topology_neighbor_fill,same-time positive-correlation topology neighbors -> mean_fill,53,53,node_flow_chunk_053.parquet,E:\Jupter_Notebook\FedTrafficFlow\results\rdm_exp\scenarios\ntb_mix\imp\imp_data\ntb_r20_mix_s42_m_ctn\node_flow_chunk_053.parquet,806226,47137,True,True,completed,recomputed,0.8881731999999829,58025916,2026-06-18T17:19:04.844217539+00:00
0.2,correlation_topology_neighbor_fill,same-time positive-correlation topology neighbors -> mean_fill,54,54,node_flow_chunk_054.parquet,E:\Jupter_Notebook\FedTrafficFlow\results\rdm_exp\scenarios\ntb_mix\imp\imp_data\ntb_r20_mix_s42_m_ctn\node_flow_chunk_054.parquet,807452,46594,True,True,completed,recomputed,0.910631700000522,58155064,2026-06-18T17:21:00.937721014+00:00
0.2,correlation_topology_neighbor_fill,same-time positive-correlation topology neighbors -> mean_fill,55,55,node_flow_chunk_055.parquet,E:\Jupter_Notebook\FedTrafficFlow\results\rdm_exp\scenarios\ntb_mix\imp\imp_data\ntb_r20_mix_s42_m_ctn\node_flow_chunk_055.parquet,805562,47075,True,True,completed,recomputed,0.8590565999993487,58143964,2026-06-18T17:22:56.895481348+00:00
0.2,correlation_topology_neighbor_fill,same-time positive-correlation topology neighbors -> mean_fill,56,56,node_flow_chunk_056.parquet,E:\Jupter_Notebook\FedTrafficFlow\results\rdm_exp\scenarios\ntb_mix\imp\imp_data\ntb_r20_mix_s42_m_ctn\node_flow_chunk_056.parquet,806725,48017,True,True,completed,recomputed,0.8602036000002045,58155392,2026-06-18T17:24:52.755978107+00:00
0.2,correlation_topology_neighbor_fill,same-time positive-correlation topology neighbors -> mean_fill,57,57,node_flow_chunk_057.parquet,E:\Jupter_Notebook\FedTrafficFlow\results\rdm_exp\scenarios\ntb_mix\imp\imp_data\ntb_r20_mix_s42_m_ctn\node_flow_chunk_057.parquet,807870,46961,True,True,completed,recomputed,0.884829599999648,58133719,2026-06-18T17:26:51.693243742+00:00
0.2,correlation_topology_neighbor_fill,same-time positive-correlation topology neighbors -> mean_fill,58,58,node_flow_chunk_058.parquet,E:\Jupter_Notebook\FedTrafficFlow\results\rdm_exp\scenarios\ntb_mix\imp\imp_data\ntb_r20_mix_s42_m_ctn\node_flow_chunk_058.parquet,807482,47692,True,True,completed,recomputed,0.8888145000000804,58106751,2026-06-18T17:28:47.669394255+00:00
0.2,correlation_topology_neighbor_fill,same-time positive-correlation topology neighbors -> mean_fill,59,59,node_flow_chunk_059.parquet,E:\Jupter_Notebook\FedTrafficFlow\results\rdm_exp\scenarios\ntb_mix\imp\imp_data\ntb_r20_mix_s42_m_ctn\node_flow_chunk_059.parquet,807688,47216,True,True,completed,recomputed,0.8562316000006831,58107544,2026-06-18T17:30:44.818770170+00:00
0.2,correlation_topology_neighbor_fill,same-time positive-correlation topology neighbors -> mean_fill,60,60,node_flow_chunk_060.parquet,E:\Jupter_Notebook\FedTrafficFlow\results\rdm_exp\scenarios\ntb_mix\imp\imp_data\ntb_r20_mix_s42_m_ctn\node_flow_chunk_060.parquet,807955,47069,True,True,completed,recomputed,0.8756332000002658,58108478,2026-06-18T17:32:41.069102287+00:00
0.3,correlation_topology_neighbor_fill,same-time positive-correlation topology neighbors -> mean_fill,0,0,node_flow_chunk_000.parquet,E:\Jupter_Notebook\FedTrafficFlow\results\rdm_exp\scenarios\ntb_mix\imp\imp_data\ntb_r30_mix_s42_m_ctn\node_flow_chunk_000.parquet,1209847,1209847,True,True,completed,recomputed,0.8907349000000977,56889683,2026-06-18T17:34:58.583091497+00:00
0.3,correlation_topology_neighbor_fill,same-time positive-correlation topology neighbors -> mean_fill,1,1,node_flow_chunk_001.parquet,E:\Jupter_Notebook\FedTrafficFlow\results\rdm_exp\scenarios\ntb_mix\imp\imp_data\ntb_r30_mix_s42_m_ctn\node_flow_chunk_001.parquet,1211553,139980,True,True,completed,recomputed,0.8919276999995418,58000029,2026-06-18T17:37:50.590007782+00:00
0.3,correlation_topology_neighbor_fill,same-time positive-correlation topology neighbors -> mean_fill,2,2,node_flow_chunk_002.parquet,E:\Jupter_Notebook\FedTrafficFlow\results\rdm_exp\scenarios\ntb_mix\imp\imp_data\ntb_r30_mix_s42_m_ctn\node_flow_chunk_002.parquet,1208816,138121,True,True,completed,recomputed,0.8910390999999436,57922019,2026-06-18T17:40:43.091202021+00:00
0.3,correlation_topology_neighbor_fill,same-time positive-correlation topology neighbors -> mean_fill,3,3,node_flow_chunk_003.parquet,E:\Jupter_Notebook\FedTrafficFlow\results\rdm_exp\scenarios\ntb_mix\imp\imp_data\ntb_r30_mix_s42_m_ctn\node_flow_chunk_003.parquet,1209646,137333,True,True,completed,recomputed,0.9663673999993989,57919768,2026-06-18T17:43:38.840082169+00:00
0.3,correlation_topology_neighbor_fill,same-time positive-correlation topology neighbors -> mean_fill,4,4,node_flow_chunk_004.parquet,E:\Jupter_Notebook\FedTrafficFlow\results\rdm_exp\scenarios\ntb_mix\imp\imp_data\ntb_r30_mix_s42_m_ctn\node_flow_chunk_004.parquet,1210589,137145,True,True,completed,recomputed,0.8431848000000173,57948853,2026-06-18T17:46:33.659274578+00:00
0.3,correlation_topology_neighbor_fill,same-time positive-correlation topology neighbors -> mean_fill,5,5,node_flow_chunk_005.parquet,E:\Jupter_Notebook\FedTrafficFlow\results\rdm_exp\scenarios\ntb_mix\imp\imp_data\ntb_r30_mix_s42_m_ctn\node_flow_chunk_005.parquet,1210740,136970,True,True,completed,recomputed,0.8917849999997998,58000532,2026-06-18T17:49:27.009248018+00:00
0.3,correlation_topology_neighbor_fill,same-time positive-correlation topology neighbors -> mean_fill,6,6,node_flow_chunk_006.parquet,E:\Jupter_Notebook\FedTrafficFlow\results\rdm_exp\scenarios\ntb_mix\imp\imp_data\ntb_r30_mix_s42_m_ctn\node_flow_chunk_006.parquet,1211396,137046,True,True,completed,recomputed,0.8582881000002089,58022473,2026-06-18T17:52:20.845099211+00:00
0.3,correlation_topology_neighbor_fill,same-time positive-correlation topology neighbors -> mean_fill,7,7,node_flow_chunk_007.parquet,E:\Jupter_Notebook\FedTrafficFlow\results\rdm_exp\scenarios\ntb_mix\imp\imp_data\ntb_r30_mix_s42_m_ctn\node_flow_chunk_007.parquet,1210381,137082,True,True,completed,recomputed,0.8931896999993114,58026935,2026-06-18T17:55:14.376324892+00:00
0.3,correlation_topology_neighbor_fill,same-time positive-correlation topology neighbors -> mean_fill,8,8,node_flow_chunk_008.parquet,E:\Jupter_Notebook\FedTrafficFlow\results\rdm_exp\scenarios\ntb_mix\imp\imp_data\ntb_r30_mix_s42_m_ctn\node_flow_chunk_008.parquet,1209825,137122,True,True,completed,recomputed,0.9049110999994809,57962385,2026-06-18T17:58:09.379449606+00:00
0.3,correlation_topology_neighbor_fill,same-time positive-correlation topology neighbors -> mean_fill,9,9,node_flow_chunk_009.parquet,E:\Jupter_Notebook\FedTrafficFlow\results\rdm_exp\scenarios\ntb_mix\imp\imp_data\ntb_r30_mix_s42_m_ctn\node_flow_chunk_009.parquet,1210140,136308,True,True,completed,recomputed,0.8685482999999294,57964671,2026-06-18T18:01:06.004554987+00:00
0.3,correlation_topology_neighbor_fill,same-time positive-correlation topology neighbors -> mean_fill,10,10,node_flow_chunk_010.parquet,E:\Jupter_Notebook\FedTrafficFlow\results\rdm_exp\scenarios\ntb_mix\imp\imp_data\ntb_r30_mix_s42_m_ctn\node_flow_chunk_010.parquet,1210678,135777,True,True,completed,recomputed,0.8666107000008196,58003998,2026-06-18T18:04:00.583491802+00:00
0.3,correlation_topology_neighbor_fill,same-time positive-correlation topology neighbors -> mean_fill,11,11,node_flow_chunk_011.parquet,E:\Jupter_Notebook\FedTrafficFlow\results\rdm_exp\scenarios\ntb_mix\imp\imp_data\ntb_r30_mix_s42_m_ctn\node_flow_chunk_011.parquet,1212207,136146,True,True,completed,recomputed,0.9144169999999576,57967782,2026-06-18T18:06:58.417994499+00:00
0.3,correlation_topology_neighbor_fill,same-time positive-correlation topology neighbors -> mean_fill,12,12,node_flow_chunk_012.parquet,E:\Jupter_Notebook\FedTrafficFlow\results\rdm_exp\scenarios\ntb_mix\imp\imp_data\ntb_r30_mix_s42_m_ctn\node_flow_chunk_012.parquet,1210845,138080,True,True,completed,recomputed,0.9049826000000394,57963080,2026-06-18T18:09:55.475485325+00:00
0.3,correlation_topology_neighbor_fill,same-time positive-correlation topology neighbors -> mean_fill,13,13,node_flow_chunk_013.parquet,E:\Jupter_Notebook\FedTrafficFlow\results\rdm_exp\scenarios\ntb_mix\imp\imp_data\ntb_r30_mix_s42_m_ctn\node_flow_chunk_013.parquet,1211617,136373,True,True,completed,recomputed,0.8795727000006082,58000927,2026-06-18T18:12:50.677528381+00:00
0.3,correlation_topology_neighbor_fill,same-time positive-correlation topology neighbors -> mean_fill,14,14,node_flow_chunk_014.parquet,E:\Jupter_Notebook\FedTrafficFlow\results\rdm_exp\scenarios\ntb_mix\imp\imp_data\ntb_r30_mix_s42_m_ctn\node_flow_chunk_014.parquet,1211485,137205,True,True,completed,recomputed,0.9007789000006596,58006773,2026-06-18T18:15:49.493395090+00:00
0.3,correlation_topology_neighbor_fill,same-time positive-correlation topology neighbors -> mean_fill,15,15,node_flow_chunk_015.parquet,E:\Jupter_Notebook\FedTrafficFlow\results\rdm_exp\scenarios\ntb_mix\imp\imp_data\ntb_r30_mix_s42_m_ctn\node_flow_chunk_015.parquet,1211114,138374,True,True,completed,recomputed,0.8897696999993059,57948391,2026-06-18T18:18:55.312095165+00:00
0.3,correlation_topology_neighbor_fill,same-time positive-correlation topology neighbors -> mean_fill,16,16,node_flow_chunk_016.parquet,E:\Jupter_Notebook\FedTrafficFlow\results\rdm_exp\scenarios\ntb_mix\imp\imp_data\ntb_r30_mix_s42_m_ctn\node_flow_chunk_016.parquet,1211693,136329,True,True,completed,recomputed,0.9069398999999976,57993837,2026-06-18T18:21:56.116361380+00:00
0.3,correlation_topology_neighbor_fill,same-time positive-correlation topology neighbors -> mean_fill,17,17,node_flow_chunk_017.parquet,E:\Jupter_Notebook\FedTrafficFlow\results\rdm_exp\scenarios\ntb_mix\imp\imp_data\ntb_r30_mix_s42_m_ctn\node_flow_chunk_017.parquet,1210115,136939,True,True,completed,recomputed,0.9064472999998543,58114209,2026-06-18T18:24:58.799028635+00:00
0.3,correlation_topology_neighbor_fill,same-time positive-correlation topology neighbors -> mean_fill,18,18,node_flow_chunk_018.parquet,E:\Jupter_Notebook\FedTrafficFlow\results\rdm_exp\scenarios\ntb_mix\imp\imp_data\ntb_r30_mix_s42_m_ctn\node_flow_chunk_018.parquet,1210562,137486,True,True,completed,recomputed,0.8351275999993959,58116860,2026-06-18T18:28:01.499082088+00:00
0.3,correlation_topology_neighbor_fill,same-time positive-correlation topology neighbors -> mean_fill,19,19,node_flow_chunk_019.parquet,E:\Jupter_Notebook\FedTrafficFlow\results\rdm_exp\scenarios\ntb_mix\imp\imp_data\ntb_r30_mix_s42_m_ctn\node_flow_chunk_019.parquet,1211170,136021,True,True,completed,recomputed,0.950470800000403,58124888,2026-06-18T18:31:04.085715055+00:00
0.3,correlation_topology_neighbor_fill,same-time positive-correlation topology neighbors -> mean_fill,20,20,node_flow_chunk_020.parquet,E:\Jupter_Notebook\FedTrafficFlow\results\rdm_exp\scenarios\ntb_mix\imp\imp_data\ntb_r30_mix_s42_m_ctn\node_flow_chunk_020.parquet,1210150,135758,True,True,completed,recomputed,0.9068609999994806,58147630,2026-06-18T18:34:06.410745859+00:00
0.3,correlation_topology_neighbor_fill,same-time positive-correlation topology neighbors -> mean_fill,21,21,node_flow_chunk_021.parquet,E:\Jupter_Notebook\FedTrafficFlow\results\rdm_exp\scenarios\ntb_mix\imp\imp_data\ntb_r30_mix_s42_m_ctn\node_flow_chunk_021.parquet,1209442,136970,True,True,completed,recomputed,1.0193253999987064,58141839,2026-06-18T18:37:09.495562315+00:00
0.3,correlation_topology_neighbor_fill,same-time positive-correlation topology neighbors -> mean_fill,22,22,node_flow_chunk_022.parquet,E:\Jupter_Notebook\FedTrafficFlow\results\rdm_exp\scenarios\ntb_mix\imp\imp_data\ntb_r30_mix_s42_m_ctn\node_flow_chunk_022.parquet,1210149,136705,True,True,completed,recomputed,0.8337343000002875,58098949,2026-06-18T18:40:14.987406015+00:00
0.3,correlation_topology_neighbor_fill,same-time positive-correlation topology neighbors -> mean_fill,23,23,node_flow_chunk_023.parquet,E:\Jupter_Notebook\FedTrafficFlow\results\rdm_exp\scenarios\ntb_mix\imp\imp_data\ntb_r30_mix_s42_m_ctn\node_flow_chunk_023.parquet,1210196,137648,True,True,completed,recomputed,1.008540600001652,58084509,2026-06-18T18:43:18.603031158+00:00
0.3,correlation_topology_neighbor_fill,same-time positive-correlation topology neighbors -> mean_fill,24,24,node_flow_chunk_024.parquet,E:\Jupter_Notebook\FedTrafficFlow\results\rdm_exp\scenarios\ntb_mix\imp\imp_data\ntb_r30_mix_s42_m_ctn\node_flow_chunk_024.parquet,1211350,136149,True,True,completed,recomputed,0.8559009999989939,58111601,2026-06-18T18:46:23.756561279+00:00
0.3,correlation_topology_neighbor_fill,same-time positive-correlation topology neighbors -> mean_fill,25,25,node_flow_chunk_025.parquet,E:\Jupter_Notebook\FedTrafficFlow\results\rdm_exp\scenarios\ntb_mix\imp\imp_data\ntb_r30_mix_s42_m_ctn\node_flow_chunk_025.parquet,1210090,135641,True,True,completed,recomputed,0.9318469999998342,58096202,2026-06-18T18:49:26.856148005+00:00
0.3,correlation_topology_neighbor_fill,same-time positive-correlation topology neighbors -> mean_fill,26,26,node_flow_chunk_026.parquet,E:\Jupter_Notebook\FedTrafficFlow\results\rdm_exp\scenarios\ntb_mix\imp\imp_data\ntb_r30_mix_s42_m_ctn\node_flow_chunk_026.parquet,1210433,136944,True,True,completed,recomputed,1.029489200000171,58104558,2026-06-18T18:52:36.291634083+00:00
0.3,correlation_topology_neighbor_fill,same-time positive-correlation topology neighbors -> mean_fill,27,27,node_flow_chunk_027.parquet,E:\Jupter_Notebook\FedTrafficFlow\results\rdm_exp\scenarios\ntb_mix\imp\imp_data\ntb_r30_mix_s42_m_ctn\node_flow_chunk_027.parquet,1210066,137965,True,True,completed,recomputed,0.8893932000009954,58111211,2026-06-18T18:55:53.845183134+00:00
0.3,correlation_topology_neighbor_fill,same-time positive-correlation topology neighbors -> mean_fill,28,28,node_flow_chunk_028.parquet,E:\Jupter_Notebook\FedTrafficFlow\results\rdm_exp\scenarios\ntb_mix\imp\imp_data\ntb_r30_mix_s42_m_ctn\node_flow_chunk_028.parquet,1212648,137395,True,True,completed,recomputed,0.8905532999997376,58095877,2026-06-18T18:59:09.017540455+00:00
0.3,correlation_topology_neighbor_fill,same-time positive-correlation topology neighbors -> mean_fill,29,29,node_flow_chunk_029.parquet,E:\Jupter_Notebook\FedTrafficFlow\results\rdm_exp\scenarios\ntb_mix\imp\imp_data\ntb_r30_mix_s42_m_ctn\node_flow_chunk_029.parquet,1209803,136194,True,True,completed,recomputed,0.9571749000006093,58067718,2026-06-18T19:02:25.274823427+00:00
0.3,correlation_topology_neighbor_fill,same-time positive-correlation topology neighbors -> mean_fill,30,30,node_flow_chunk_030.parquet,E:\Jupter_Notebook\FedTrafficFlow\results\rdm_exp\scenarios\ntb_mix\imp\imp_data\ntb_r30_mix_s42_m_ctn\node_flow_chunk_030.parquet,1210735,135791,True,True,completed,recomputed,0.9454468000003544,58035286,2026-06-18T19:05:41.709366083+00:00
0.3,correlation_topology_neighbor_fill,same-time positive-correlation topology neighbors -> mean_fill,31,31,node_flow_chunk_031.parquet,E:\Jupter_Notebook\FedTrafficFlow\results\rdm_exp\scenarios\ntb_mix\imp\imp_data\ntb_r30_mix_s42_m_ctn\node_flow_chunk_031.parquet,1210673,136410,True,True,completed,recomputed,0.824739599998793,58040202,2026-06-18T19:08:56.594871998+00:00
0.3,correlation_topology_neighbor_fill,same-time positive-correlation topology neighbors -> mean_fill,32,32,node_flow_chunk_032.parquet,E:\Jupter_Notebook\FedTrafficFlow\results\rdm_exp\scenarios\ntb_mix\imp\imp_data\ntb_r30_mix_s42_m_ctn\node_flow_chunk_032.parquet,1209772,137132,True,True,completed,recomputed,0.8931729999985691,58072562,2026-06-18T19:12:12.242244482+00:00
0.3,correlation_topology_neighbor_fill,same-time positive-correlation topology neighbors -> mean_fill,33,33,node_flow_chunk_033.parquet,E:\Jupter_Notebook\FedTrafficFlow\results\rdm_exp\scenarios\ntb_mix\imp\imp_data\ntb_r30_mix_s42_m_ctn\node_flow_chunk_033.parquet,1209196,136862,True,True,completed,recomputed,0.909441899999365,58081872,2026-06-18T19:15:27.870908022+00:00
0.3,correlation_topology_neighbor_fill,same-time positive-correlation topology neighbors -> mean_fill,34,34,node_flow_chunk_034.parquet,E:\Jupter_Notebook\FedTrafficFlow\results\rdm_exp\scenarios\ntb_mix\imp\imp_data\ntb_r30_mix_s42_m_ctn\node_flow_chunk_034.parquet,1210242,134850,True,True,completed,recomputed,0.9416099000009126,58104410,2026-06-18T19:18:44.233982563+00:00
0.3,correlation_topology_neighbor_fill,same-time positive-correlation topology neighbors -> mean_fill,35,35,node_flow_chunk_035.parquet,E:\Jupter_Notebook\FedTrafficFlow\results\rdm_exp\scenarios\ntb_mix\imp\imp_data\ntb_r30_mix_s42_m_ctn\node_flow_chunk_035.parquet,1210550,137252,True,True,completed,recomputed,0.8510336999988795,58111333,2026-06-18T19:21:59.967547417+00:00
0.3,correlation_topology_neighbor_fill,same-time positive-correlation topology neighbors -> mean_fill,36,36,node_flow_chunk_036.parquet,E:\Jupter_Notebook\FedTrafficFlow\results\rdm_exp\scenarios\ntb_mix\imp\imp_data\ntb_r30_mix_s42_m_ctn\node_flow_chunk_036.parquet,1210093,135970,True,True,completed,recomputed,0.9447897999998531,58096827,2026-06-18T19:25:15.773354769+00:00
0.3,correlation_topology_neighbor_fill,same-time positive-correlation topology neighbors -> mean_fill,37,37,node_flow_chunk_037.parquet,E:\Jupter_Notebook\FedTrafficFlow\results\rdm_exp\scenarios\ntb_mix\imp\imp_data\ntb_r30_mix_s42_m_ctn\node_flow_chunk_037.parquet,1210936,135648,True,True,completed,recomputed,0.8939965999998094,58510483,2026-06-18T19:28:32.510909796+00:00
0.3,correlation_topology_neighbor_fill,same-time positive-correlation topology neighbors -> mean_fill,38,38,node_flow_chunk_038.parquet,E:\Jupter_Notebook\FedTrafficFlow\results\rdm_exp\scenarios\ntb_mix\imp\imp_data\ntb_r30_mix_s42_m_ctn\node_flow_chunk_038.parquet,1210830,137139,True,True,completed,recomputed,0.9207072999997763,58123005,2026-06-18T19:31:49.067698002+00:00
0.3,correlation_topology_neighbor_fill,same-time positive-correlation topology neighbors -> mean_fill,39,39,node_flow_chunk_039.parquet,E:\Jupter_Notebook\FedTrafficFlow\results\rdm_exp\scenarios\ntb_mix\imp\imp_data\ntb_r30_mix_s42_m_ctn\node_flow_chunk_039.parquet,1209684,136287,True,True,completed,recomputed,0.9196154000001115,58139675,2026-06-18T19:35:06.268903017+00:00
0.3,correlation_topology_neighbor_fill,same-time positive-correlation topology neighbors -> mean_fill,40,40,node_flow_chunk_040.parquet,E:\Jupter_Notebook\FedTrafficFlow\results\rdm_exp\scenarios\ntb_mix\imp\imp_data\ntb_r30_mix_s42_m_ctn\node_flow_chunk_040.parquet,1210140,136706,True,True,completed,recomputed,0.913588699999309,58122579,2026-06-18T19:38:25.501613855+00:00
0.3,correlation_topology_neighbor_fill,same-time positive-correlation topology neighbors -> mean_fill,41,41,node_flow_chunk_041.parquet,E:\Jupter_Notebook\FedTrafficFlow\results\rdm_exp\scenarios\ntb_mix\imp\imp_data\ntb_r30_mix_s42_m_ctn\node_flow_chunk_041.parquet,1209892,136386,True,True,completed,recomputed,0.9341254999999364,58130527,2026-06-18T19:41:44.030088902+00:00
0.3,correlation_topology_neighbor_fill,same-time positive-correlation topology neighbors -> mean_fill,42,42,node_flow_chunk_042.parquet,E:\Jupter_Notebook\FedTrafficFlow\results\rdm_exp\scenarios\ntb_mix\imp\imp_data\ntb_r30_mix_s42_m_ctn\node_flow_chunk_042.parquet,1209458,135504,True,True,completed,recomputed,0.9017174999989948,58121027,2026-06-18T19:45:07.309202194+00:00
0.3,correlation_topology_neighbor_fill,same-time positive-correlation topology neighbors -> mean_fill,43,43,node_flow_chunk_043.parquet,E:\Jupter_Notebook\FedTrafficFlow\results\rdm_exp\scenarios\ntb_mix\imp\imp_data\ntb_r30_mix_s42_m_ctn\node_flow_chunk_043.parquet,1211057,136049,True,True,completed,recomputed,0.8777750999997807,58087949,2026-06-18T19:48:24.062551498+00:00
0.3,correlation_topology_neighbor_fill,same-time positive-correlation topology neighbors -> mean_fill,44,44,node_flow_chunk_044.parquet,E:\Jupter_Notebook\FedTrafficFlow\results\rdm_exp\scenarios\ntb_mix\imp\imp_data\ntb_r30_mix_s42_m_ctn\node_flow_chunk_044.parquet,1210056,135500,True,True,completed,recomputed,0.9407341000005545,58088650,2026-06-18T19:51:41.716280937+00:00
0.3,correlation_topology_neighbor_fill,same-time positive-correlation topology neighbors -> mean_fill,45,45,node_flow_chunk_045.parquet,E:\Jupter_Notebook\FedTrafficFlow\results\rdm_exp\scenarios\ntb_mix\imp\imp_data\ntb_r30_mix_s42_m_ctn\node_flow_chunk_045.parquet,1210914,136103,True,True,completed,recomputed,0.8432037999991735,58101702,2026-06-18T19:54:59.626790285+00:00
0.3,correlation_topology_neighbor_fill,same-time positive-correlation topology neighbors -> mean_fill,46,46,node_flow_chunk_046.parquet,E:\Jupter_Notebook\FedTrafficFlow\results\rdm_exp\scenarios\ntb_mix\imp\imp_data\ntb_r30_mix_s42_m_ctn\node_flow_chunk_046.parquet,1210081,137765,True,True,completed,recomputed,0.9552206999996997,58122879,2026-06-18T19:58:17.292412996+00:00
0.3,correlation_topology_neighbor_fill,same-time positive-correlation topology neighbors -> mean_fill,47,47,node_flow_chunk_047.parquet,E:\Jupter_Notebook\FedTrafficFlow\results\rdm_exp\scenarios\ntb_mix\imp\imp_data\ntb_r30_mix_s42_m_ctn\node_flow_chunk_047.parquet,1210271,136982,True,True,completed,recomputed,0.8829329000000143,58142838,2026-06-18T20:01:39.647126436+00:00
0.3,correlation_topology_neighbor_fill,same-time positive-correlation topology neighbors -> mean_fill,48,48,node_flow_chunk_048.parquet,E:\Jupter_Notebook\FedTrafficFlow\results\rdm_exp\scenarios\ntb_mix\imp\imp_data\ntb_r30_mix_s42_m_ctn\node_flow_chunk_048.parquet,1210439,136498,True,True,completed,recomputed,0.96663769999941,58161310,2026-06-18T20:04:58.579266071+00:00
0.3,correlation_topology_neighbor_fill,same-time positive-correlation topology neighbors -> mean_fill,49,49,node_flow_chunk_049.parquet,E:\Jupter_Notebook\FedTrafficFlow\results\rdm_exp\scenarios\ntb_mix\imp\imp_data\ntb_r30_mix_s42_m_ctn\node_flow_chunk_049.parquet,1211262,136567,True,True,completed,recomputed,0.906347399999504,58164906,2026-06-18T20:08:19.776094198+00:00
0.3,correlation_topology_neighbor_fill,same-time positive-correlation topology neighbors -> mean_fill,50,50,node_flow_chunk_050.parquet,E:\Jupter_Notebook\FedTrafficFlow\results\rdm_exp\scenarios\ntb_mix\imp\imp_data\ntb_r30_mix_s42_m_ctn\node_flow_chunk_050.parquet,1209706,134942,True,True,completed,recomputed,0.9589663999995537,58142710,2026-06-18T20:11:36.958293438+00:00
0.3,correlation_topology_neighbor_fill,same-time positive-correlation topology neighbors -> mean_fill,51,51,node_flow_chunk_051.parquet,E:\Jupter_Notebook\FedTrafficFlow\results\rdm_exp\scenarios\ntb_mix\imp\imp_data\ntb_r30_mix_s42_m_ctn\node_flow_chunk_051.parquet,1209803,135334,True,True,completed,recomputed,0.8495399999992514,58121640,2026-06-18T20:14:54.799238205+00:00
0.3,correlation_topology_neighbor_fill,same-time positive-correlation topology neighbors -> mean_fill,52,52,node_flow_chunk_052.parquet,E:\Jupter_Notebook\FedTrafficFlow\results\rdm_exp\scenarios\ntb_mix\imp\imp_data\ntb_r30_mix_s42_m_ctn\node_flow_chunk_052.parquet,1210936,135510,True,True,completed,recomputed,0.8835878999998386,58092094,2026-06-18T20:18:14.079184532+00:00
0.3,correlation_topology_neighbor_fill,same-time positive-correlation topology neighbors -> mean_fill,53,53,node_flow_chunk_053.parquet,E:\Jupter_Notebook\FedTrafficFlow\results\rdm_exp\scenarios\ntb_mix\imp\imp_data\ntb_r30_mix_s42_m_ctn\node_flow_chunk_053.parquet,1210446,135688,True,True,completed,recomputed,0.9264521999994031,58119968,2026-06-18T20:21:33.272176981+00:00
0.3,correlation_topology_neighbor_fill,same-time positive-correlation topology neighbors -> mean_fill,54,54,node_flow_chunk_054.parquet,E:\Jupter_Notebook\FedTrafficFlow\results\rdm_exp\scenarios\ntb_mix\imp\imp_data\ntb_r30_mix_s42_m_ctn\node_flow_chunk_054.parquet,1211045,135779,True,True,completed,recomputed,0.8896378000008553,58256557,2026-06-18T20:24:58.735641003+00:00
0.3,correlation_topology_neighbor_fill,same-time positive-correlation topology neighbors -> mean_fill,55,55,node_flow_chunk_055.parquet,E:\Jupter_Notebook\FedTrafficFlow\results\rdm_exp\scenarios\ntb_mix\imp\imp_data\ntb_r30_mix_s42_m_ctn\node_flow_chunk_055.parquet,1210615,135307,True,True,completed,recomputed,0.8948695999988558,58246274,2026-06-18T20:28:18.886134386+00:00
0.3,correlation_topology_neighbor_fill,same-time positive-correlation topology neighbors -> mean_fill,56,56,node_flow_chunk_056.parquet,E:\Jupter_Notebook\FedTrafficFlow\results\rdm_exp\scenarios\ntb_mix\imp\imp_data\ntb_r30_mix_s42_m_ctn\node_flow_chunk_056.parquet,1210387,136190,True,True,completed,recomputed,0.9866603999998915,58256404,2026-06-18T20:31:51.358959198+00:00
0.3,correlation_topology_neighbor_fill,same-time positive-correlation topology neighbors -> mean_fill,57,57,node_flow_chunk_057.parquet,E:\Jupter_Notebook\FedTrafficFlow\results\rdm_exp\scenarios\ntb_mix\imp\imp_data\ntb_r30_mix_s42_m_ctn\node_flow_chunk_057.parquet,1209890,135323,True,True,completed,recomputed,0.9090544999999111,58229158,2026-06-18T20:35:10.395021200+00:00
0.3,correlation_topology_neighbor_fill,same-time positive-correlation topology neighbors -> mean_fill,58,58,node_flow_chunk_058.parquet,E:\Jupter_Notebook\FedTrafficFlow\results\rdm_exp\scenarios\ntb_mix\imp\imp_data\ntb_r30_mix_s42_m_ctn\node_flow_chunk_058.parquet,1209825,135813,True,True,completed,recomputed,0.903275599999688,58207460,2026-06-18T20:38:27.243691683+00:00
0.3,correlation_topology_neighbor_fill,same-time positive-correlation topology neighbors -> mean_fill,59,59,node_flow_chunk_059.parquet,E:\Jupter_Notebook\FedTrafficFlow\results\rdm_exp\scenarios\ntb_mix\imp\imp_data\ntb_r30_mix_s42_m_ctn\node_flow_chunk_059.parquet,1211002,135875,True,True,completed,recomputed,0.9155713000000105,58203463,2026-06-18T20:41:49.078867435+00:00
0.3,correlation_topology_neighbor_fill,same-time positive-correlation topology neighbors -> mean_fill,60,60,node_flow_chunk_060.parquet,E:\Jupter_Notebook\FedTrafficFlow\results\rdm_exp\scenarios\ntb_mix\imp\imp_data\ntb_r30_mix_s42_m_ctn\node_flow_chunk_060.parquet,1211379,135748,True,True,completed,recomputed,0.9338803000027838,58216504,2026-06-18T20:45:08.406611681+00:00
